-- Backup before rollback 2026-05-16T14:17:06.626Z
CREATE DATABASE IF NOT EXISTS `goosd_admin`;
USE `goosd_admin`;
SET FOREIGN_KEY_CHECKS=0;
DROP TABLE IF EXISTS `account_records`;
CREATE TABLE `account_records` (
  `id` bigint unsigned NOT NULL AUTO_INCREMENT COMMENT '主键ID',
  `record_no` varchar(40) NOT NULL COMMENT '流水编号',
  `user_id` bigint unsigned NOT NULL COMMENT '用户ID',
  `record_type` varchar(32) NOT NULL COMMENT '流水类型',
  `direction` varchar(16) NOT NULL COMMENT '资金方向',
  `order_id` bigint unsigned DEFAULT NULL COMMENT '关联订单ID',
  `order_no` varchar(40) DEFAULT NULL COMMENT '关联订单编号',
  `related_record_id` bigint unsigned DEFAULT NULL COMMENT '关联原流水ID',
  `status` varchar(32) NOT NULL DEFAULT 'success' COMMENT '流水状态',
  `ordered_quantity` int unsigned DEFAULT NULL COMMENT '下单数量快照',
  `completed_quantity` int unsigned DEFAULT NULL COMMENT '完成数量快照',
  `refunded_quantity` int unsigned DEFAULT NULL COMMENT '退款数量快照',
  `original_unit_price` decimal(18,4) DEFAULT NULL COMMENT '原始单价',
  `original_total_amount` decimal(18,4) DEFAULT NULL COMMENT '原价总金额',
  `discount_rate` decimal(10,4) DEFAULT NULL COMMENT '折扣率',
  `discounted_unit_price` decimal(18,4) DEFAULT NULL COMMENT '折后单价',
  `discount_amount` decimal(18,4) DEFAULT NULL COMMENT '优惠金额',
  `payable_amount` decimal(18,4) DEFAULT NULL COMMENT '应付金额',
  `actual_paid_amount` decimal(18,4) DEFAULT NULL COMMENT '实际支付金额',
  `refund_amount` decimal(18,4) DEFAULT NULL COMMENT '退款金额',
  `net_amount` decimal(18,4) NOT NULL DEFAULT '0.0000' COMMENT '本次净变动金额',
  `before_available_amount` decimal(18,4) NOT NULL DEFAULT '0.0000' COMMENT '变更前可用余额',
  `after_available_amount` decimal(18,4) NOT NULL DEFAULT '0.0000' COMMENT '变更后可用余额',
  `reason_code` varchar(64) DEFAULT NULL COMMENT '原因编码',
  `reason_message` varchar(255) DEFAULT NULL COMMENT '原因说明',
  `remark` varchar(255) DEFAULT NULL COMMENT '备注',
  `calc_snapshot` json DEFAULT NULL COMMENT '计费或退款计算快照',
  `created_at` datetime NOT NULL DEFAULT CURRENT_TIMESTAMP COMMENT '创建时间',
  `updated_at` datetime NOT NULL DEFAULT CURRENT_TIMESTAMP ON UPDATE CURRENT_TIMESTAMP COMMENT '更新时间',
  PRIMARY KEY (`id`),
  UNIQUE KEY `uk_account_records_record_no` (`record_no`),
  KEY `idx_account_records_user_created_at` (`user_id`,`created_at`),
  KEY `idx_account_records_order_id` (`order_id`),
  KEY `idx_account_records_record_type_status` (`record_type`,`status`),
  KEY `idx_account_records_related_record_id` (`related_record_id`)
) ENGINE=InnoDB AUTO_INCREMENT=1938 DEFAULT CHARSET=utf8mb4 COLLATE=utf8mb4_0900_ai_ci COMMENT='账户流水记录表';
INSERT INTO `account_records` (`id`,`record_no`,`user_id`,`record_type`,`direction`,`order_id`,`order_no`,`related_record_id`,`status`,`ordered_quantity`,`completed_quantity`,`refunded_quantity`,`original_unit_price`,`original_total_amount`,`discount_rate`,`discounted_unit_price`,`discount_amount`,`payable_amount`,`actual_paid_amount`,`refund_amount`,`net_amount`,`before_available_amount`,`after_available_amount`,`reason_code`,`reason_message`,`remark`,`calc_snapshot`,`created_at`,`updated_at`) VALUES (1688,'REC-1778845208722-001',1,'order_charge','debit',1929,'ORDER-1778845208722-001',NULL,'success',1000,NULL,NULL,'0.0100','10.0000','1.0000','0.0100','0.0000','10.0000','10.0000',NULL,'-10.0000','5000.0000','4990.0000',NULL,'批量下单扣费',NULL,NULL,'2026-05-15 19:40:09.000','2026-05-15 19:40:09.000'),(1689,'REC-1778845208724-002',1,'order_charge','debit',1930,'ORDER-1778845208724-002',NULL,'success',500,NULL,NULL,'0.0100','5.0000','1.0000','0.0100','0.0000','5.0000','5.0000',NULL,'-5.0000','4990.0000','4985.0000',NULL,'批量下单扣费',NULL,NULL,'2026-05-15 19:40:09.000','2026-05-15 19:40:09.000'),(1690,'REC-1778845208724-003',1,'order_charge','debit',1931,'ORDER-1778845208724-003',NULL,'success',2000,NULL,NULL,'0.0100','20.0000','1.0000','0.0100','0.0000','20.0000','20.0000',NULL,'-20.0000','4985.0000','4965.0000',NULL,'批量下单扣费',NULL,NULL,'2026-05-15 19:40:09.000','2026-05-15 19:40:09.000'),(1691,'REC-1778845208725-004',1,'order_charge','debit',1932,'ORDER-1778845208725-004',NULL,'success',2000,NULL,NULL,'0.0100','20.0000','1.0000','0.0100','0.0000','20.0000','20.0000',NULL,'-20.0000','4965.0000','4945.0000',NULL,'批量下单扣费',NULL,NULL,'2026-05-15 19:40:09.000','2026-05-15 19:40:09.000'),(1692,'REC-1778845208726-005',1,'order_charge','debit',1933,'ORDER-1778845208726-005',NULL,'success',3000,NULL,NULL,'0.0100','30.0000','1.0000','0.0100','0.0000','30.0000','30.0000',NULL,'-30.0000','4945.0000','4915.0000',NULL,'批量下单扣费',NULL,NULL,'2026-05-15 19:40:09.000','2026-05-15 19:40:09.000'),(1702,'REC-1778850544867-001',1,'order_charge','debit',1943,'ORDER-1778850544867-001',NULL,'success',3000,NULL,NULL,'0.0100','30.0000','1.0000','0.0100','0.0000','30.0000','30.0000',NULL,'-30.0000','999.0000','969.0000',NULL,'批量下单扣费',NULL,NULL,'2026-05-15 21:09:05.000','2026-05-15 21:09:05.000'),(1703,'REC-1778850544869-002',1,'order_charge','debit',1944,'ORDER-1778850544869-002',NULL,'success',3000,NULL,NULL,'0.0100','30.0000','1.0000','0.0100','0.0000','30.0000','30.0000',NULL,'-30.0000','969.0000','939.0000',NULL,'批量下单扣费',NULL,NULL,'2026-05-15 21:09:05.000','2026-05-15 21:09:05.000'),(1704,'REC-1778850544869-003',1,'order_charge','debit',1945,'ORDER-1778850544869-003',NULL,'success',2000,NULL,NULL,'0.0100','20.0000','1.0000','0.0100','0.0000','20.0000','20.0000',NULL,'-20.0000','939.0000','919.0000',NULL,'批量下单扣费',NULL,NULL,'2026-05-15 21:09:05.000','2026-05-15 21:09:05.000'),(1705,'REC-1778850544870-004',1,'order_charge','debit',1946,'ORDER-1778850544870-004',NULL,'success',3000,NULL,NULL,'0.0100','30.0000','1.0000','0.0100','0.0000','30.0000','30.0000',NULL,'-30.0000','919.0000','889.0000',NULL,'批量下单扣费',NULL,NULL,'2026-05-15 21:09:05.000','2026-05-15 21:09:05.000'),(1710,'REC-1778852195460-001',1,'order_charge','debit',1951,'ORDER-1778852195460-001',NULL,'success',1000,NULL,NULL,'0.0100','10.0000','1.0000','0.0100','0.0000','10.0000','10.0000',NULL,'-10.0000','999.0000','989.0000',NULL,'批量下单扣费',NULL,NULL,'2026-05-15 21:36:35.000','2026-05-15 21:36:35.000'),(1711,'REC-1778852195462-002',1,'order_charge','debit',1952,'ORDER-1778852195462-002',NULL,'success',2000,NULL,NULL,'0.0100','20.0000','1.0000','0.0100','0.0000','20.0000','20.0000',NULL,'-20.0000','989.0000','969.0000',NULL,'批量下单扣费',NULL,NULL,'2026-05-15 21:36:35.000','2026-05-15 21:36:35.000'),(1712,'REC-1778852195462-003',1,'order_charge','debit',1953,'ORDER-1778852195462-003',NULL,'success',1000,NULL,NULL,'0.0100','10.0000','1.0000','0.0100','0.0000','10.0000','10.0000',NULL,'-10.0000','969.0000','959.0000',NULL,'批量下单扣费',NULL,NULL,'2026-05-15 21:36:35.000','2026-05-15 21:36:35.000'),(1713,'REC-1778852195463-004',1,'order_charge','debit',1954,'ORDER-1778852195463-004',NULL,'success',1000,NULL,NULL,'0.0100','10.0000','1.0000','0.0100','0.0000','10.0000','10.0000',NULL,'-10.0000','959.0000','949.0000',NULL,'批量下单扣费',NULL,NULL,'2026-05-15 21:36:35.000','2026-05-15 21:36:35.000'),(1714,'REC-1778852195464-005',1,'order_charge','debit',1955,'ORDER-1778852195464-005',NULL,'success',1000,NULL,NULL,'0.0100','10.0000','1.0000','0.0100','0.0000','10.0000','10.0000',NULL,'-10.0000','949.0000','939.0000',NULL,'批量下单扣费',NULL,NULL,'2026-05-15 21:36:35.000','2026-05-15 21:36:35.000'),(1715,'REC-1778852486234-001',1,'order_charge','debit',1956,'ORDER-1778852486234-001',NULL,'success',2000,NULL,NULL,'0.0100','20.0000','1.0000','0.0100','0.0000','20.0000','20.0000',NULL,'-20.0000','939.0000','919.0000',NULL,'批量下单扣费',NULL,NULL,'2026-05-15 21:41:26.000','2026-05-15 21:41:26.000'),(1716,'REC-1778852486235-002',1,'order_charge','debit',1957,'ORDER-1778852486235-002',NULL,'success',3000,NULL,NULL,'0.0100','30.0000','1.0000','0.0100','0.0000','30.0000','30.0000',NULL,'-30.0000','919.0000','889.0000',NULL,'批量下单扣费',NULL,NULL,'2026-05-15 21:41:26.000','2026-05-15 21:41:26.000'),(1717,'REC-1778852486236-003',1,'order_charge','debit',1958,'ORDER-1778852486236-003',NULL,'success',3000,NULL,NULL,'0.0100','30.0000','1.0000','0.0100','0.0000','30.0000','30.0000',NULL,'-30.0000','889.0000','859.0000',NULL,'批量下单扣费',NULL,NULL,'2026-05-15 21:41:26.000','2026-05-15 21:41:26.000'),(1718,'REC-1778852486236-004',1,'order_charge','debit',1959,'ORDER-1778852486236-004',NULL,'success',3000,NULL,NULL,'0.0100','30.0000','1.0000','0.0100','0.0000','30.0000','30.0000',NULL,'-30.0000','859.0000','829.0000',NULL,'批量下单扣费',NULL,NULL,'2026-05-15 21:41:26.000','2026-05-15 21:41:26.000'),(1719,'REC-1778852486237-005',1,'order_charge','debit',1960,'ORDER-1778852486237-005',NULL,'success',2000,NULL,NULL,'0.0100','20.0000','1.0000','0.0100','0.0000','20.0000','20.0000',NULL,'-20.0000','829.0000','809.0000',NULL,'批量下单扣费',NULL,NULL,'2026-05-15 21:41:26.000','2026-05-15 21:41:26.000'),(1724,'REC-1778853794256-001',1,'order_charge','debit',1965,'ORDER-1778853794256-001',NULL,'success',1000,NULL,NULL,'0.0100','10.0000','1.0000','0.0100','0.0000','10.0000','10.0000',NULL,'-10.0000','999.0000','989.0000',NULL,'批量下单扣费',NULL,NULL,'2026-05-15 22:03:14.000','2026-05-15 22:03:14.000'),(1725,'REC-1778853794257-002',1,'order_charge','debit',1966,'ORDER-1778853794257-002',NULL,'success',1000,NULL,NULL,'0.0100','10.0000','1.0000','0.0100','0.0000','10.0000','10.0000',NULL,'-10.0000','989.0000','979.0000',NULL,'批量下单扣费',NULL,NULL,'2026-05-15 22:03:14.000','2026-05-15 22:03:14.000'),(1726,'REC-1778853794258-003',1,'order_charge','debit',1967,'ORDER-1778853794258-003',NULL,'success',1000,NULL,NULL,'0.0100','10.0000','1.0000','0.0100','0.0000','10.0000','10.0000',NULL,'-10.0000','979.0000','969.0000',NULL,'批量下单扣费',NULL,NULL,'2026-05-15 22:03:14.000','2026-05-15 22:03:14.000'),(1748,'REC-1778856156504-001',1,'order_charge','debit',1990,'ORDER-1778856156504-001',NULL,'success',1000,NULL,NULL,'20.0000','20.0000','1.0000','20.0000','0.0000','20.0000','20.0000',NULL,'-20.0000','980.0000','960.0000',NULL,'批量下单扣费',NULL,NULL,'2026-05-15 22:42:37.000','2026-05-15 22:42:37.000'),(1749,'REC-1778856156506-002',1,'order_charge','debit',1991,'ORDER-1778856156506-002',NULL,'success',500,NULL,NULL,'20.0000','20.0000','1.0000','20.0000','0.0000','20.0000','20.0000',NULL,'-20.0000','960.0000','940.0000',NULL,'批量下单扣费',NULL,NULL,'2026-05-15 22:42:37.000','2026-05-15 22:42:37.000'),(1750,'REC-1778856156507-003',1,'order_charge','debit',1992,'ORDER-1778856156507-003',NULL,'success',500,NULL,NULL,'20.0000','20.0000','1.0000','20.0000','0.0000','20.0000','20.0000',NULL,'-20.0000','940.0000','920.0000',NULL,'批量下单扣费',NULL,NULL,'2026-05-15 22:42:37.000','2026-05-15 22:42:37.000'),(1751,'REC-1778856156507-004',1,'order_charge','debit',1993,'ORDER-1778856156507-004',NULL,'success',1000,NULL,NULL,'20.0000','20.0000','1.0000','20.0000','0.0000','20.0000','20.0000',NULL,'-20.0000','920.0000','900.0000',NULL,'批量下单扣费',NULL,NULL,'2026-05-15 22:42:37.000','2026-05-15 22:42:37.000'),(1752,'REC-1778856196616-001',1,'order_charge','debit',1994,'ORDER-1778856196616-001',NULL,'success',1000,NULL,NULL,'30.0000','30.0000','1.0000','30.0000','0.0000','30.0000','30.0000',NULL,'-30.0000','900.0000','870.0000',NULL,'批量下单扣费',NULL,NULL,'2026-05-15 22:43:17.000','2026-05-15 22:43:17.000'),(1753,'REC-1778856196618-002',1,'order_charge','debit',1995,'ORDER-1778856196618-002',NULL,'success',500,NULL,NULL,'30.0000','30.0000','1.0000','30.0000','0.0000','30.0000','30.0000',NULL,'-30.0000','870.0000','840.0000',NULL,'批量下单扣费',NULL,NULL,'2026-05-15 22:43:17.000','2026-05-15 22:43:17.000'),(1754,'REC-1778856196618-003',1,'order_charge','debit',1996,'ORDER-1778856196618-003',NULL,'success',500,NULL,NULL,'30.0000','30.0000','1.0000','30.0000','0.0000','30.0000','30.0000',NULL,'-30.0000','840.0000','810.0000',NULL,'批量下单扣费',NULL,NULL,'2026-05-15 22:43:17.000','2026-05-15 22:43:17.000'),(1755,'REC-1778856196619-004',1,'order_charge','debit',1997,'ORDER-1778856196619-004',NULL,'success',1000,NULL,NULL,'30.0000','30.0000','1.0000','30.0000','0.0000','30.0000','30.0000',NULL,'-30.0000','810.0000','780.0000',NULL,'批量下单扣费',NULL,NULL,'2026-05-15 22:43:17.000','2026-05-15 22:43:17.000'),(1756,'REC-1778856275712-001',1,'order_charge','debit',1998,'ORDER-1778856275712-001',NULL,'success',1000,NULL,NULL,'30.0000','30.0000','1.0000','30.0000','0.0000','30.0000','30.0000',NULL,'-30.0000','780.0000','750.0000',NULL,'批量下单扣费',NULL,NULL,'2026-05-15 22:44:36.000','2026-05-15 22:44:36.000'),(1757,'REC-1778856275713-002',1,'order_charge','debit',1999,'ORDER-1778856275713-002',NULL,'success',500,NULL,NULL,'30.0000','30.0000','1.0000','30.0000','0.0000','30.0000','30.0000',NULL,'-30.0000','750.0000','720.0000',NULL,'批量下单扣费',NULL,NULL,'2026-05-15 22:44:36.000','2026-05-15 22:44:36.000'),(1758,'REC-1778856275714-003',1,'order_charge','debit',2000,'ORDER-1778856275714-003',NULL,'success',500,NULL,NULL,'30.0000','30.0000','1.0000','30.0000','0.0000','30.0000','30.0000',NULL,'-30.0000','720.0000','690.0000',NULL,'批量下单扣费',NULL,NULL,'2026-05-15 22:44:36.000','2026-05-15 22:44:36.000'),(1759,'REC-1778856275714-004',1,'order_charge','debit',2001,'ORDER-1778856275714-004',NULL,'success',1000,NULL,NULL,'30.0000','30.0000','1.0000','30.0000','0.0000','30.0000','30.0000',NULL,'-30.0000','690.0000','660.0000',NULL,'批量下单扣费',NULL,NULL,'2026-05-15 22:44:36.000','2026-05-15 22:44:36.000'),(1760,'REC-1778856337708-001',1,'order_charge','debit',2002,'ORDER-1778856337708-001',NULL,'success',500,NULL,NULL,'30.0000','30.0000','1.0000','30.0000','0.0000','30.0000','30.0000',NULL,'-30.0000','660.0000','630.0000',NULL,'批量下单扣费',NULL,NULL,'2026-05-15 22:45:38.000','2026-05-15 22:45:38.000'),(1761,'REC-1778856337709-002',1,'order_charge','debit',2003,'ORDER-1778856337709-002',NULL,'success',500,NULL,NULL,'30.0000','30.0000','1.0000','30.0000','0.0000','30.0000','30.0000',NULL,'-30.0000','630.0000','600.0000',NULL,'批量下单扣费',NULL,NULL,'2026-05-15 22:45:38.000','2026-05-15 22:45:38.000'),(1762,'REC-1778856337710-003',1,'order_charge','debit',2004,'ORDER-1778856337710-003',NULL,'success',500,NULL,NULL,'30.0000','30.0000','1.0000','30.0000','0.0000','30.0000','30.0000',NULL,'-30.0000','600.0000','570.0000',NULL,'批量下单扣费',NULL,NULL,'2026-05-15 22:45:38.000','2026-05-15 22:45:38.000'),(1775,'REFUND-1778857816151-1998',1,'refund','credit',1998,'ORDER-1778856275712-001',1756,'success',1000,0,1000,'30.0000','30.0000','1.0000','30.0000','0.0000','30.0000','0.0000','30.0000','30.0000','970.0000','1000.0000',NULL,'退款审核通过','管理员审核通过',NULL,'2026-05-15 23:10:16.000','2026-05-15 23:10:16.000'),(1776,'REFUND-1778857874369-2003',1,'refund','credit',2003,'ORDER-1778856337709-002',1761,'success',500,0,500,'30.0000','30.0000','1.0000','30.0000','0.0000','30.0000','0.0000','30.0000','30.0000','1000.0000','1030.0000',NULL,'退款审核通过','管理员审核通过',NULL,'2026-05-15 23:11:14.000','2026-05-15 23:11:14.000'),(1777,'REC-1778858048990-001',1,'order_charge','debit',2015,'ORDER-1778858048990-001',NULL,'success',500,NULL,NULL,'30.0000','30.0000','1.0000','30.0000','0.0000','30.0000','30.0000',NULL,'-30.0000','1000.0000','970.0000',NULL,'批量下单扣费',NULL,NULL,'2026-05-15 23:14:09.000','2026-05-15 23:14:09.000'),(1778,'REC-1778858048992-002',1,'order_charge','debit',2016,'ORDER-1778858048992-002',NULL,'success',500,NULL,NULL,'30.0000','30.0000','1.0000','30.0000','0.0000','30.0000','30.0000',NULL,'-30.0000','970.0000','940.0000',NULL,'批量下单扣费',NULL,NULL,'2026-05-15 23:14:09.000','2026-05-15 23:14:09.000'),(1779,'REC-1778858048992-003',1,'order_charge','debit',2017,'ORDER-1778858048992-003',NULL,'success',500,NULL,NULL,'30.0000','30.0000','1.0000','30.0000','0.0000','30.0000','30.0000',NULL,'-30.0000','940.0000','910.0000',NULL,'批量下单扣费',NULL,NULL,'2026-05-15 23:14:09.000','2026-05-15 23:14:09.000'),(1780,'REC-1778858048993-004',1,'order_charge','debit',2018,'ORDER-1778858048993-004',NULL,'success',500,NULL,NULL,'30.0000','30.0000','1.0000','30.0000','0.0000','30.0000','30.0000',NULL,'-30.0000','910.0000','880.0000',NULL,'批量下单扣费',NULL,NULL,'2026-05-15 23:14:09.000','2026-05-15 23:14:09.000'),(1781,'REC-1778858048993-005',1,'order_charge','debit',2019,'ORDER-1778858048993-005',NULL,'success',1000,NULL,NULL,'30.0000','30.0000','1.0000','30.0000','0.0000','30.0000','30.0000',NULL,'-30.0000','880.0000','850.0000',NULL,'批量下单扣费',NULL,NULL,'2026-05-15 23:14:09.000','2026-05-15 23:14:09.000'),(1789,'REFUND-1778858417178-2016',1,'refund','credit',2016,'ORDER-1778858048992-002',1778,'success',500,0,500,'30.0000','30.0000','1.0000','30.0000','0.0000','30.0000','0.0000','30.0000','30.0000','850.0000','880.0000',NULL,'退款审核通过','管理员审核通过',NULL,'2026-05-15 23:20:17.000','2026-05-15 23:20:17.000'),(1790,'REFUND-1778858418713-2018',1,'refund','credit',2018,'ORDER-1778858048993-004',1780,'success',500,0,500,'30.0000','30.0000','1.0000','30.0000','0.0000','30.0000','0.0000','30.0000','30.0000','880.0000','910.0000',NULL,'退款审核通过','管理员审核通过',NULL,'2026-05-15 23:20:19.000','2026-05-15 23:20:19.000'),(1791,'REFUND-1778858447223-2015',1,'refund','credit',2015,'ORDER-1778858048990-001',1777,'success',500,0,500,'30.0000','30.0000','1.0000','30.0000','0.0000','30.0000','0.0000','30.0000','30.0000','910.0000','940.0000',NULL,'退款审核通过','管理员审核通过',NULL,'2026-05-15 23:20:47.000','2026-05-15 23:20:47.000'),(1792,'REFUND-1778858495901-2004',1,'refund','credit',2004,'ORDER-1778856337710-003',1762,'success',500,0,500,'30.0000','30.0000','1.0000','30.0000','0.0000','30.0000','0.0000','30.0000','30.0000','940.0000','970.0000',NULL,'退款审核通过','管理员审核通过',NULL,'2026-05-15 23:21:36.000','2026-05-15 23:21:36.000'),(1793,'REFUND-1778858536545-2017',1,'refund','credit',2017,'ORDER-1778858048992-003',1779,'success',500,0,500,'30.0000','30.0000','1.0000','30.0000','0.0000','30.0000','0.0000','30.0000','30.0000','970.0000','1000.0000',NULL,'退款审核通过','管理员审核通过',NULL,'2026-05-15 23:22:17.000','2026-05-15 23:22:17.000'),(1809,'REFUND-1778858940895-2002',1,'refund','credit',2002,'ORDER-1778856337708-001',1760,'success',500,0,500,'30.0000','30.0000','1.0000','30.0000','0.0000','30.0000','0.0000','30.0000','30.0000','970.0000','1000.0000',NULL,'退款审核通过','管理员审核通过',NULL,'2026-05-15 23:29:01.000','2026-05-15 23:29:01.000'),(1842,'REFUND-1778860003035-2072',1064,'refund','credit',2072,'DEMO-ORDER-007',1836,'success',5000,2800,5000,'0.0092','46.0000','0.9200','0.0092','0.0000','46.0000','0.0000','46.0000','46.0000','6715.7500','6761.7500',NULL,'退款审核通过','管理员审核通过',NULL,'2026-05-15 23:46:43.000','2026-05-15 23:46:43.000'),(1850,'REFUND-1778860297041-2083',1068,'refund','credit',2083,'DEMO-ORDER-007',1848,'success',5000,2800,5000,'0.0092','46.0000','0.9200','0.0092','0.0000','46.0000','0.0000','46.0000','46.0000','6715.7500','6761.7500',NULL,'退款审核通过','管理员审核通过',NULL,'2026-05-15 23:51:37.000','2026-05-15 23:51:37.000'),(1851,'REC-1778900376162-001',1,'order_charge','debit',2085,'ORDER-1778900376162-001',NULL,'success',3000,NULL,NULL,'30.0000','30.0000','1.0000','30.0000','0.0000','30.0000','30.0000',NULL,'-30.0000','970.0000','940.0000',NULL,'批量下单扣费',NULL,NULL,'2026-05-16 10:59:36.000','2026-05-16 10:59:36.000'),(1852,'REC-1778900376163-002',1,'order_charge','debit',2086,'ORDER-1778900376163-002',NULL,'success',3000,NULL,NULL,'30.0000','30.0000','1.0000','30.0000','0.0000','30.0000','30.0000',NULL,'-30.0000','940.0000','910.0000',NULL,'批量下单扣费',NULL,NULL,'2026-05-16 10:59:36.000','2026-05-16 10:59:36.000'),(1853,'REC-1778900376164-003',1,'order_charge','debit',2087,'ORDER-1778900376164-003',NULL,'success',4000,NULL,NULL,'30.0000','30.0000','1.0000','30.0000','0.0000','30.0000','30.0000',NULL,'-30.0000','910.0000','880.0000',NULL,'批量下单扣费',NULL,NULL,'2026-05-16 10:59:36.000','2026-05-16 10:59:36.000'),(1854,'REC-1778900376165-004',1,'order_charge','debit',2088,'ORDER-1778900376165-004',NULL,'success',4000,NULL,NULL,'30.0000','30.0000','1.0000','30.0000','0.0000','30.0000','30.0000',NULL,'-30.0000','880.0000','850.0000',NULL,'批量下单扣费',NULL,NULL,'2026-05-16 10:59:36.000','2026-05-16 10:59:36.000'),(1855,'REC-1778900376165-005',1,'order_charge','debit',2089,'ORDER-1778900376165-005',NULL,'success',4000,NULL,NULL,'30.0000','30.0000','1.0000','30.0000','0.0000','30.0000','30.0000',NULL,'-30.0000','850.0000','820.0000',NULL,'批量下单扣费',NULL,NULL,'2026-05-16 10:59:36.000','2026-05-16 10:59:36.000'),(1856,'REC-1778900376166-006',1,'order_charge','debit',2090,'ORDER-1778900376166-006',NULL,'success',6000,NULL,NULL,'30.0000','30.0000','1.0000','30.0000','0.0000','30.0000','30.0000',NULL,'-30.0000','820.0000','790.0000',NULL,'批量下单扣费',NULL,NULL,'2026-05-16 10:59:36.000','2026-05-16 10:59:36.000'),(1857,'REC-1778900376167-007',1,'order_charge','debit',2091,'ORDER-1778900376167-007',NULL,'success',4000,NULL,NULL,'30.0000','30.0000','1.0000','30.0000','0.0000','30.0000','30.0000',NULL,'-30.0000','790.0000','760.0000',NULL,'批量下单扣费',NULL,NULL,'2026-05-16 10:59:36.000','2026-05-16 10:59:36.000'),(1858,'REC-1778900376168-008',1,'order_charge','debit',2092,'ORDER-1778900376168-008',NULL,'success',3000,NULL,NULL,'30.0000','30.0000','1.0000','30.0000','0.0000','30.0000','30.0000',NULL,'-30.0000','760.0000','730.0000',NULL,'批量下单扣费',NULL,NULL,'2026-05-16 10:59:36.000','2026-05-16 10:59:36.000'),(1859,'REC-1778900376168-009',1,'order_charge','debit',2093,'ORDER-1778900376168-009',NULL,'success',2000,NULL,NULL,'30.0000','30.0000','1.0000','30.0000','0.0000','30.0000','30.0000',NULL,'-30.0000','730.0000','700.0000',NULL,'批量下单扣费',NULL,NULL,'2026-05-16 10:59:36.000','2026-05-16 10:59:36.000'),(1927,'REC-1778909811088-001',1,'order_charge','debit',2168,'ORDER-1778909811088-001',NULL,'success',1000,NULL,NULL,'30.0000','30.0000','1.0000','30.0000','0.0000','30.0000','30.0000',NULL,'-30.0000','7000.0000','6970.0000',NULL,'批量下单扣费',NULL,NULL,'2026-05-16 13:36:51.000','2026-05-16 13:36:51.000'),(1928,'REC-1778909811090-002',1,'order_charge','debit',2169,'ORDER-1778909811090-002',NULL,'success',1000,NULL,NULL,'30.0000','30.0000','1.0000','30.0000','0.0000','30.0000','30.0000',NULL,'-30.0000','6970.0000','6940.0000',NULL,'批量下单扣费',NULL,NULL,'2026-05-16 13:36:51.000','2026-05-16 13:36:51.000'),(1929,'REC-1778909811091-003',1,'order_charge','debit',2170,'ORDER-1778909811091-003',NULL,'success',2000,NULL,NULL,'30.0000','30.0000','1.0000','30.0000','0.0000','30.0000','30.0000',NULL,'-30.0000','6940.0000','6910.0000',NULL,'批量下单扣费',NULL,NULL,'2026-05-16 13:36:51.000','2026-05-16 13:36:51.000'),(1930,'REC-1778909811091-004',1,'order_charge','debit',2171,'ORDER-1778909811091-004',NULL,'success',3600,NULL,NULL,'30.0000','30.0000','1.0000','30.0000','0.0000','30.0000','30.0000',NULL,'-30.0000','6910.0000','6880.0000',NULL,'批量下单扣费',NULL,NULL,'2026-05-16 13:36:51.000','2026-05-16 13:36:51.000'),(1931,'REC-1778909833290-001',1,'order_charge','debit',2172,'ORDER-1778909833290-001',NULL,'success',1000,NULL,NULL,'30.0000','30.0000','1.0000','30.0000','0.0000','30.0000','30.0000',NULL,'-30.0000','6880.0000','6850.0000',NULL,'批量下单扣费',NULL,NULL,'2026-05-16 13:37:13.000','2026-05-16 13:37:13.000'),(1932,'REC-1778909833291-002',1,'order_charge','debit',2173,'ORDER-1778909833291-002',NULL,'success',1000,NULL,NULL,'30.0000','30.0000','1.0000','30.0000','0.0000','30.0000','30.0000',NULL,'-30.0000','6850.0000','6820.0000',NULL,'批量下单扣费',NULL,NULL,'2026-05-16 13:37:13.000','2026-05-16 13:37:13.000'),(1933,'REC-1778909833292-003',1,'order_charge','debit',2174,'ORDER-1778909833292-003',NULL,'success',2000,NULL,NULL,'30.0000','30.0000','1.0000','30.0000','0.0000','30.0000','30.0000',NULL,'-30.0000','6820.0000','6790.0000',NULL,'批量下单扣费',NULL,NULL,'2026-05-16 13:37:13.000','2026-05-16 13:37:13.000'),(1934,'REC-1778909833292-004',1,'order_charge','debit',2175,'ORDER-1778909833292-004',NULL,'success',3600,NULL,NULL,'30.0000','30.0000','1.0000','30.0000','0.0000','30.0000','30.0000',NULL,'-30.0000','6790.0000','6760.0000',NULL,'批量下单扣费',NULL,NULL,'2026-05-16 13:37:13.000','2026-05-16 13:37:13.000'),(1935,'REC-1778910047332-001',1,'order_charge','debit',2176,'ORDER-1778910047332-001',NULL,'success',3000,NULL,NULL,'30.0000','30.0000','1.0000','30.0000','0.0000','30.0000','30.0000',NULL,'-30.0000','6760.0000','6730.0000',NULL,'批量下单扣费',NULL,NULL,'2026-05-16 13:40:47.000','2026-05-16 13:40:47.000'),(1936,'REC-1778910047333-002',1,'order_charge','debit',2177,'ORDER-1778910047333-002',NULL,'success',4000,NULL,NULL,'30.0000','30.0000','1.0000','30.0000','0.0000','30.0000','30.0000',NULL,'-30.0000','6730.0000','6700.0000',NULL,'批量下单扣费',NULL,NULL,'2026-05-16 13:40:47.000','2026-05-16 13:40:47.000'),(1937,'REC-1778910047334-003',1,'order_charge','debit',2178,'ORDER-1778910047334-003',NULL,'success',3000,NULL,NULL,'30.0000','30.0000','1.0000','30.0000','0.0000','30.0000','30.0000',NULL,'-30.0000','6700.0000','6670.0000',NULL,'批量下单扣费',NULL,NULL,'2026-05-16 13:40:47.000','2026-05-16 13:40:47.000');
DROP TABLE IF EXISTS `balance_accounts`;
CREATE TABLE `balance_accounts` (
  `id` bigint unsigned NOT NULL AUTO_INCREMENT COMMENT '主键ID',
  `user_id` bigint unsigned NOT NULL COMMENT '用户ID',
  `available_amount` decimal(18,4) NOT NULL DEFAULT '0.0000' COMMENT '可用余额',
  `version` bigint unsigned NOT NULL DEFAULT '0' COMMENT '乐观锁版本号',
  `created_at` datetime NOT NULL DEFAULT CURRENT_TIMESTAMP COMMENT '创建时间',
  `updated_at` datetime NOT NULL DEFAULT CURRENT_TIMESTAMP ON UPDATE CURRENT_TIMESTAMP COMMENT '更新时间',
  PRIMARY KEY (`id`),
  UNIQUE KEY `uk_balance_accounts_user_id` (`user_id`)
) ENGINE=InnoDB AUTO_INCREMENT=1936 DEFAULT CHARSET=utf8mb4 COLLATE=utf8mb4_0900_ai_ci COMMENT='用户余额账户表';
INSERT INTO `balance_accounts` (`id`,`user_id`,`available_amount`,`version`,`created_at`,`updated_at`) VALUES (1,1,'6670.0000',0,'2026-05-15 15:40:24.000','2026-05-16 13:40:47.000'),(2,6,'0.0000',0,'2026-05-15 15:40:24.000','2026-05-15 15:40:24.000'),(3,9,'0.0000',0,'2026-05-15 15:40:24.000','2026-05-15 15:40:24.000'),(4,5,'0.0000',0,'2026-05-15 15:40:24.000','2026-05-15 15:40:24.000'),(5,12,'0.0000',0,'2026-05-15 15:40:24.000','2026-05-15 15:40:24.000'),(6,8,'0.0000',0,'2026-05-15 15:40:24.000','2026-05-15 15:40:24.000'),(7,3,'0.0000',0,'2026-05-15 15:40:24.000','2026-05-15 15:40:24.000'),(8,4,'0.0000',0,'2026-05-15 15:40:24.000','2026-05-15 15:40:24.000'),(9,7,'0.0000',0,'2026-05-15 15:40:24.000','2026-05-15 15:40:24.000'),(10,10,'0.0000',0,'2026-05-15 15:40:24.000','2026-05-15 15:40:24.000'),(11,11,'0.0000',0,'2026-05-15 15:40:24.000','2026-05-15 15:40:24.000'),(25,13,'0.0000',0,'2026-05-15 15:41:34.000','2026-05-15 15:41:34.000'),(33,14,'0.0000',0,'2026-05-15 15:43:13.000','2026-05-15 15:43:13.000'),(78,35,'0.0000',0,'2026-05-15 16:06:07.000','2026-05-15 16:06:07.000'),(124,72,'0.0000',0,'2026-05-15 16:10:26.000','2026-05-15 16:10:26.000'),(165,105,'0.0000',0,'2026-05-15 16:23:04.000','2026-05-15 16:23:04.000'),(171,110,'0.0000',0,'2026-05-15 16:23:36.000','2026-05-15 16:23:36.000'),(187,123,'0.0000',0,'2026-05-15 16:25:13.000','2026-05-15 16:25:13.000'),(203,136,'0.0000',0,'2026-05-15 16:25:41.000','2026-05-15 16:25:41.000'),(234,161,'0.0000',0,'2026-05-15 16:30:11.000','2026-05-15 16:30:11.000'),(275,194,'0.0000',0,'2026-05-15 16:35:22.000','2026-05-15 16:35:22.000'),(321,231,'0.0000',0,'2026-05-15 16:43:25.000','2026-05-15 16:43:25.000'),(422,312,'0.0000',0,'2026-05-15 16:55:16.000','2026-05-15 16:55:16.000'),(433,321,'0.0000',0,'2026-05-15 16:57:19.000','2026-05-15 16:57:19.000'),(549,414,'0.0000',0,'2026-05-15 17:26:33.000','2026-05-15 17:26:33.000'),(560,423,'0.0000',0,'2026-05-15 17:28:20.000','2026-05-15 17:28:20.000'),(622,472,'0.0000',0,'2026-05-15 17:49:10.000','2026-05-15 17:49:10.000'),(673,513,'0.0000',0,'2026-05-15 17:53:17.000','2026-05-15 17:53:17.000'),(704,538,'0.0000',0,'2026-05-15 17:59:50.000','2026-05-15 17:59:50.000'),(750,575,'0.0000',0,'2026-05-15 18:06:03.000','2026-05-15 18:06:03.000'),(826,636,'0.0000',0,'2026-05-15 18:09:32.000','2026-05-15 18:09:32.000'),(887,685,'0.0000',0,'2026-05-15 18:13:39.000','2026-05-15 18:13:39.000'),(938,726,'0.0000',0,'2026-05-15 18:17:45.000','2026-05-15 18:17:45.000'),(994,771,'0.0000',0,'2026-05-15 18:20:29.000','2026-05-15 18:20:29.000'),(1361,1000,'0.0000',0,'2026-05-15 19:45:11.000','2026-05-15 19:45:11.000'),(1362,1001,'0.0000',0,'2026-05-15 19:45:11.000','2026-05-15 19:45:11.000'),(1367,1002,'0.0000',0,'2026-05-15 19:45:55.000','2026-05-15 19:45:55.000'),(1368,1003,'0.0000',0,'2026-05-15 19:45:55.000','2026-05-15 19:45:55.000'),(1370,1004,'0.0000',0,'2026-05-15 19:48:37.000','2026-05-15 19:48:37.000'),(1372,1005,'0.0000',0,'2026-05-15 19:48:39.000','2026-05-15 19:48:39.000'),(1373,1006,'0.0000',0,'2026-05-15 19:48:39.000','2026-05-15 19:48:39.000'),(1390,1007,'0.0000',0,'2026-05-15 20:08:20.000','2026-05-15 20:08:20.000'),(1392,1008,'0.0000',0,'2026-05-15 20:08:21.000','2026-05-15 20:08:21.000'),(1393,1009,'0.0000',0,'2026-05-15 20:08:21.000','2026-05-15 20:08:21.000'),(1394,1010,'0.0000',0,'2026-05-15 20:08:21.000','2026-05-15 20:08:21.000'),(1417,1011,'0.0000',0,'2026-05-15 20:15:34.000','2026-05-15 20:15:34.000'),(1419,1012,'0.0000',0,'2026-05-15 20:15:35.000','2026-05-15 20:15:35.000'),(1420,1013,'0.0000',0,'2026-05-15 20:15:35.000','2026-05-15 20:15:35.000'),(1421,1014,'0.0000',0,'2026-05-15 20:15:35.000','2026-05-15 20:15:35.000'),(1422,1015,'0.0000',0,'2026-05-15 20:15:36.000','2026-05-15 20:15:36.000'),(1441,1016,'0.0000',0,'2026-05-15 20:21:55.000','2026-05-15 20:21:55.000'),(1509,1017,'0.0000',0,'2026-05-15 21:53:38.000','2026-05-15 21:53:38.000'),(1510,1018,'0.0000',0,'2026-05-15 21:53:38.000','2026-05-15 21:53:38.000'),(1511,1019,'0.0000',0,'2026-05-15 21:53:38.000','2026-05-15 21:53:38.000'),(1512,1020,'0.0000',0,'2026-05-15 21:53:38.000','2026-05-15 21:53:38.000'),(1523,1021,'0.0000',0,'2026-05-15 22:00:19.000','2026-05-15 22:00:19.000'),(1524,1022,'0.0000',0,'2026-05-15 22:00:19.000','2026-05-15 22:00:19.000'),(1525,1023,'0.0000',0,'2026-05-15 22:00:20.000','2026-05-15 22:00:20.000'),(1526,1024,'0.0000',0,'2026-05-15 22:00:20.000','2026-05-15 22:00:20.000'),(1537,1025,'0.0000',0,'2026-05-15 22:09:21.000','2026-05-15 22:09:21.000'),(1538,1026,'0.0000',0,'2026-05-15 22:09:21.000','2026-05-15 22:09:21.000'),(1539,1027,'0.0000',0,'2026-05-15 22:09:21.000','2026-05-15 22:09:21.000'),(1540,1028,'0.0000',0,'2026-05-15 22:09:21.000','2026-05-15 22:09:21.000'),(1554,1029,'0.0000',0,'2026-05-15 22:10:45.000','2026-05-15 22:10:45.000'),(1555,1030,'0.0000',0,'2026-05-15 22:10:45.000','2026-05-15 22:10:45.000'),(1556,1031,'0.0000',0,'2026-05-15 22:10:45.000','2026-05-15 22:10:45.000'),(1557,1032,'0.0000',0,'2026-05-15 22:10:45.000','2026-05-15 22:10:45.000'),(1562,1033,'0.0000',0,'2026-05-15 22:11:21.000','2026-05-15 22:11:21.000'),(1563,1034,'0.0000',0,'2026-05-15 22:11:21.000','2026-05-15 22:11:21.000'),(1564,1035,'0.0000',0,'2026-05-15 22:11:21.000','2026-05-15 22:11:21.000'),(1565,1036,'0.0000',0,'2026-05-15 22:11:21.000','2026-05-15 22:11:21.000'),(1812,1069,'0.0000',0,'2026-05-16 11:19:47.000','2026-05-16 11:19:47.000'),(1844,1070,'0.0000',0,'2026-05-16 13:29:44.000','2026-05-16 13:29:44.000'),(1845,1071,'0.0000',0,'2026-05-16 13:29:44.000','2026-05-16 13:29:44.000'),(1846,1072,'0.0000',0,'2026-05-16 13:29:44.000','2026-05-16 13:29:44.000'),(1847,1073,'0.0000',0,'2026-05-16 13:29:44.000','2026-05-16 13:29:44.000'),(1860,1078,'0.0000',0,'2026-05-16 13:29:48.000','2026-05-16 13:29:48.000'),(1884,1083,'0.0000',0,'2026-05-16 13:31:09.000','2026-05-16 13:31:09.000'),(1885,1084,'0.0000',0,'2026-05-16 13:31:09.000','2026-05-16 13:31:09.000'),(1886,1085,'0.0000',0,'2026-05-16 13:31:09.000','2026-05-16 13:31:09.000'),(1887,1086,'0.0000',0,'2026-05-16 13:31:09.000','2026-05-16 13:31:09.000'),(1889,1087,'0.0000',0,'2026-05-16 13:31:10.000','2026-05-16 13:31:10.000'),(1903,1092,'0.0000',0,'2026-05-16 13:33:02.000','2026-05-16 13:33:02.000'),(1904,1093,'0.0000',0,'2026-05-16 13:33:02.000','2026-05-16 13:33:02.000'),(1905,1094,'0.0000',0,'2026-05-16 13:33:02.000','2026-05-16 13:33:02.000'),(1906,1095,'0.0000',0,'2026-05-16 13:33:02.000','2026-05-16 13:33:02.000'),(1908,1096,'0.0000',0,'2026-05-16 13:33:03.000','2026-05-16 13:33:03.000'),(1929,1105,'0.0000',0,'2026-05-16 13:36:16.000','2026-05-16 13:36:16.000'),(1930,1106,'0.0000',0,'2026-05-16 13:36:16.000','2026-05-16 13:36:16.000'),(1931,1107,'0.0000',0,'2026-05-16 13:36:16.000','2026-05-16 13:36:16.000'),(1932,1108,'0.0000',0,'2026-05-16 13:36:16.000','2026-05-16 13:36:16.000'),(1934,1109,'0.0000',0,'2026-05-16 13:36:17.000','2026-05-16 13:36:17.000');
DROP TABLE IF EXISTS `batch_link_check_records`;
CREATE TABLE `batch_link_check_records` (
  `id` bigint unsigned NOT NULL AUTO_INCREMENT,
  `check_batch_no` varchar(48) NOT NULL,
  `user_id` bigint unsigned NOT NULL,
  `line_no` int unsigned NOT NULL DEFAULT '0',
  `raw_content` varchar(2048) NOT NULL,
  `note_url` varchar(1024) DEFAULT NULL,
  `resolved_note_url` varchar(1024) DEFAULT NULL,
  `note_id` varchar(64) DEFAULT NULL,
  `target_type` varchar(32) NOT NULL DEFAULT 'view',
  `ordered_quantity` int unsigned NOT NULL DEFAULT '0',
  `payable_amount` decimal(18,4) NOT NULL DEFAULT '0.0000',
  `valid` tinyint(1) NOT NULL DEFAULT '0',
  `title` varchar(255) DEFAULT NULL,
  `author_name` varchar(128) DEFAULT NULL,
  `avatar_url` varchar(1024) DEFAULT NULL,
  `errors` json DEFAULT NULL,
  `created_at` datetime NOT NULL DEFAULT CURRENT_TIMESTAMP,
  PRIMARY KEY (`id`),
  KEY `idx_batch_link_check_batch_no` (`check_batch_no`),
  KEY `idx_batch_link_check_user_created_at` (`user_id`,`created_at`),
  KEY `idx_batch_link_check_valid` (`valid`),
  KEY `idx_batch_link_check_note_id` (`note_id`)
) ENGINE=InnoDB AUTO_INCREMENT=3927 DEFAULT CHARSET=utf8mb4 COLLATE=utf8mb4_0900_ai_ci;
INSERT INTO `batch_link_check_records` (`id`,`check_batch_no`,`user_id`,`line_no`,`raw_content`,`note_url`,`resolved_note_url`,`note_id`,`target_type`,`ordered_quantity`,`payable_amount`,`valid`,`title`,`author_name`,`avatar_url`,`errors`,`created_at`) VALUES (3916,'CHECK-1778909808274-BFEB87',1,1,'http://xhslink.com/o/4jwDZhc34UA\t\t\t\t1000','http://xhslink.com/o/4jwDZhc34UA','http://xhslink.com/o/4jwDZhc34UA','6a02c30c000000000603034f','view',1000,'30.0000',1,'风里有了夏天的味道🌿','🐟鱼小姐','https://sns-avatar-qc.xhscdn.com/avatar/1040g2jo31r2l7715nu0048bqdhc0dpkm3ia9kd8?imageView2/2/w/80/format/jpg',,'2026-05-16 13:36:48.000'),(3917,'CHECK-1778909808274-BFEB87',1,2,'http://xhslink.com/o/hNsd60Qi86\t\t\t\t1000','http://xhslink.com/o/hNsd60Qi86','http://xhslink.com/o/hNsd60Qi86','6a03e7a6000000000803f05b','view',1000,'30.0000',1,'艾视星超磨镜｜打开孩子清晰的世界🌍','金金小盆友🌟','https://sns-avatar-qc.xhscdn.com/avatar/1040g2jo31gtg3t8g3i004a6g25q2c6u8iomascg?imageView2/2/w/80/format/jpg',,'2026-05-16 13:36:48.000'),(3918,'CHECK-1778909808274-BFEB87',1,3,'http://xhslink.com/o/5KApn7QTPbA\t\t\t\t2000','http://xhslink.com/o/5KApn7QTPbA','http://xhslink.com/o/5KApn7QTPbA','6a02d874000000000803e0e7','view',2000,'30.0000',1,'家有学龄娃｜选它真的太省心啦✨','金金小盆友🌟','https://sns-avatar-qc.xhscdn.com/avatar/1040g2jo31gtg3t8g3i004a6g25q2c6u8iomascg?imageView2/2/w/80/format/jpg',,'2026-05-16 13:36:48.000'),(3919,'CHECK-1778909808274-BFEB87',1,4,'http://xhslink.com/o/9qAUck5LoPF\t\t\t\t3600','http://xhslink.com/o/9qAUck5LoPF','http://xhslink.com/o/9qAUck5LoPF','6a01e69400000000350287c1','view',3600,'30.0000',1,'一口清爽…这款奶茶我先干为敬啦！','芋圆粒粒呐','https://sns-avatar-qc.xhscdn.com/avatar/1040g2jo31b7r3tn76o6g5otfv4pa3fejhm37ed0?imageView2/2/w/80/format/jpg',,'2026-05-16 13:36:48.000'),(3920,'CHECK-1778909831357-DBFC07',1,1,'http://xhslink.com/o/4jwDZhc34UA\t\t\t\t1000','http://xhslink.com/o/4jwDZhc34UA','http://xhslink.com/o/4jwDZhc34UA','6a02c30c000000000603034f','view',1000,'30.0000',1,'风里有了夏天的味道🌿','🐟鱼小姐','https://sns-avatar-qc.xhscdn.com/avatar/1040g2jo31r2l7715nu0048bqdhc0dpkm3ia9kd8?imageView2/2/w/80/format/jpg',,'2026-05-16 13:37:11.000'),(3921,'CHECK-1778909831357-DBFC07',1,2,'http://xhslink.com/o/hNsd60Qi86\t\t\t\t1000','http://xhslink.com/o/hNsd60Qi86','http://xhslink.com/o/hNsd60Qi86','6a03e7a6000000000803f05b','view',1000,'30.0000',1,'艾视星超磨镜｜打开孩子清晰的世界🌍','金金小盆友🌟','https://sns-avatar-qc.xhscdn.com/avatar/1040g2jo31gtg3t8g3i004a6g25q2c6u8iomascg?imageView2/2/w/80/format/jpg',,'2026-05-16 13:37:11.000'),(3922,'CHECK-1778909831357-DBFC07',1,3,'http://xhslink.com/o/5KApn7QTPbA\t\t\t\t2000','http://xhslink.com/o/5KApn7QTPbA','http://xhslink.com/o/5KApn7QTPbA','6a02d874000000000803e0e7','view',2000,'30.0000',1,'家有学龄娃｜选它真的太省心啦✨','金金小盆友🌟','https://sns-avatar-qc.xhscdn.com/avatar/1040g2jo31gtg3t8g3i004a6g25q2c6u8iomascg?imageView2/2/w/80/format/jpg',,'2026-05-16 13:37:11.000'),(3923,'CHECK-1778909831357-DBFC07',1,4,'http://xhslink.com/o/9qAUck5LoPF\t\t\t\t3600','http://xhslink.com/o/9qAUck5LoPF','http://xhslink.com/o/9qAUck5LoPF','6a01e69400000000350287c1','view',3600,'30.0000',1,'一口清爽…这款奶茶我先干为敬啦！','芋圆粒粒呐','https://sns-avatar-qc.xhscdn.com/avatar/1040g2jo31b7r3tn76o6g5otfv4pa3fejhm37ed0?imageView2/2/w/80/format/jpg',,'2026-05-16 13:37:11.000'),(3924,'CHECK-1778910043834-F516D4',1,1,'http://xhslink.com/o/1HY8WWMvtyZ\t\t\t\t3000','http://xhslink.com/o/1HY8WWMvtyZ','http://xhslink.com/o/1HY8WWMvtyZ','69f97ec4000000003601c288','view',3000,'30.0000',1,'亚龙湾！！我心目中的烧烤神店！！！！','芝士厚鱼丸','https://sns-avatar-qc.xhscdn.com/avatar/1040g2jo30rmvcr8o2m005ol9p656tc2ml5e6iug?imageView2/2/w/80/format/jpg',,'2026-05-16 13:40:44.000'),(3925,'CHECK-1778910043834-F516D4',1,2,'http://xhslink.com/o/9V9G2TGjgmO\t\t\t\t4000','http://xhslink.com/o/9V9G2TGjgmO','http://xhslink.com/o/9V9G2TGjgmO','69f75726000000002202948e','view',4000,'30.0000',1,'杭州这商场。。好牛逼啊！！🥲🥲🥲','zz顽皮仔','https://sns-avatar-qc.xhscdn.com/avatar/66c322aa71cc427c9a389ca5.jpg?imageView2/2/w/80/format/jpg',,'2026-05-16 13:40:44.000'),(3926,'CHECK-1778910043834-F516D4',1,3,'http://xhslink.com/o/A7mxDZvmUcT\t\t\t\t3000','http://xhslink.com/o/A7mxDZvmUcT','http://xhslink.com/o/A7mxDZvmUcT','69fa15f7000000002202655f','view',3000,'30.0000',1,'来福士！！完全是数一数二的温州菜🥹🥹','zz顽皮仔','https://sns-avatar-qc.xhscdn.com/avatar/66c322aa71cc427c9a389ca5.jpg?imageView2/2/w/80/format/jpg',,'2026-05-16 13:40:44.000');
DROP TABLE IF EXISTS `batch_problem_link_records`;
CREATE TABLE `batch_problem_link_records` (
  `id` bigint unsigned NOT NULL AUTO_INCREMENT,
  `user_id` bigint unsigned NOT NULL,
  `line_no` int unsigned NOT NULL DEFAULT '0',
  `raw_content` varchar(2048) NOT NULL,
  `note_url` varchar(1024) DEFAULT NULL,
  `note_id` varchar(64) DEFAULT NULL,
  `target_type` varchar(32) NOT NULL DEFAULT 'view',
  `errors` json DEFAULT NULL,
  `created_at` datetime NOT NULL DEFAULT CURRENT_TIMESTAMP,
  `check_batch_no` varchar(48) DEFAULT NULL,
  `resolved_note_url` varchar(1024) DEFAULT NULL,
  `ordered_quantity` bigint unsigned NOT NULL DEFAULT '0',
  `payable_amount` decimal(18,4) NOT NULL DEFAULT '0.0000',
  `title` varchar(512) DEFAULT NULL,
  `author_name` varchar(255) DEFAULT NULL,
  `avatar_url` varchar(1024) DEFAULT NULL,
  PRIMARY KEY (`id`),
  KEY `idx_batch_problem_link_user_created_at` (`user_id`,`created_at`),
  KEY `idx_batch_problem_link_note_id` (`note_id`)
) ENGINE=InnoDB AUTO_INCREMENT=428 DEFAULT CHARSET=utf8mb4 COLLATE=utf8mb4_0900_ai_ci;
DROP TABLE IF EXISTS `note_basic_cache`;
CREATE TABLE `note_basic_cache` (
  `id` bigint unsigned NOT NULL AUTO_INCREMENT,
  `source_url` varchar(1024) NOT NULL,
  `note_id` varchar(64) NOT NULL,
  `resolved_note_url` varchar(1024) DEFAULT NULL,
  `title` varchar(255) DEFAULT NULL,
  `author_name` varchar(128) DEFAULT NULL,
  `avatar_url` varchar(1024) DEFAULT NULL,
  `raw_payload` json DEFAULT NULL,
  `created_at` datetime NOT NULL DEFAULT CURRENT_TIMESTAMP,
  `updated_at` datetime NOT NULL DEFAULT CURRENT_TIMESTAMP ON UPDATE CURRENT_TIMESTAMP,
  PRIMARY KEY (`id`),
  UNIQUE KEY `uk_note_basic_cache_source_url` (`source_url`(255)),
  KEY `idx_note_basic_cache_note_id` (`note_id`)
) ENGINE=InnoDB AUTO_INCREMENT=1961 DEFAULT CHARSET=utf8mb4 COLLATE=utf8mb4_0900_ai_ci;
INSERT INTO `note_basic_cache` (`id`,`source_url`,`note_id`,`resolved_note_url`,`title`,`author_name`,`avatar_url`,`raw_payload`,`created_at`,`updated_at`) VALUES (1953,'https://www.xiaohongshu.com/explore/64f1a2b3c4d5e6f789012345','64f1a2b3c4d5e6f789012345','https://www.xiaohongshu.com/explore/64f1a2b3c4d5e6f789012345','测试笔记','测试作者','https://cdn.example.com/avatar.png',`code` = 0, `data` = '[object Object]','2026-05-16 13:36:15.000','2026-05-16 13:36:15.000'),(1954,'http://xhslink.com/o/9qAUck5LoPF','6a01e69400000000350287c1','http://xhslink.com/o/9qAUck5LoPF','一口清爽…这款奶茶我先干为敬啦！','芋圆粒粒呐','https://sns-avatar-qc.xhscdn.com/avatar/1040g2jo31b7r3tn76o6g5otfv4pa3fejhm37ed0?imageView2/2/w/80/format/jpg',`msg` = 'ok', `code` = 0, `data` = '[object Object]','2026-05-16 13:36:48.000','2026-05-16 13:36:48.000'),(1955,'http://xhslink.com/o/hNsd60Qi86','6a03e7a6000000000803f05b','http://xhslink.com/o/hNsd60Qi86','艾视星超磨镜｜打开孩子清晰的世界🌍','金金小盆友🌟','https://sns-avatar-qc.xhscdn.com/avatar/1040g2jo31gtg3t8g3i004a6g25q2c6u8iomascg?imageView2/2/w/80/format/jpg',`msg` = 'ok', `code` = 0, `data` = '[object Object]','2026-05-16 13:36:48.000','2026-05-16 13:36:48.000'),(1956,'http://xhslink.com/o/4jwDZhc34UA','6a02c30c000000000603034f','http://xhslink.com/o/4jwDZhc34UA','风里有了夏天的味道🌿','🐟鱼小姐','https://sns-avatar-qc.xhscdn.com/avatar/1040g2jo31r2l7715nu0048bqdhc0dpkm3ia9kd8?imageView2/2/w/80/format/jpg',`msg` = 'ok', `code` = 0, `data` = '[object Object]','2026-05-16 13:36:48.000','2026-05-16 13:36:48.000'),(1957,'http://xhslink.com/o/5KApn7QTPbA','6a02d874000000000803e0e7','http://xhslink.com/o/5KApn7QTPbA','家有学龄娃｜选它真的太省心啦✨','金金小盆友🌟','https://sns-avatar-qc.xhscdn.com/avatar/1040g2jo31gtg3t8g3i004a6g25q2c6u8iomascg?imageView2/2/w/80/format/jpg',`msg` = 'ok', `code` = 0, `data` = '[object Object]','2026-05-16 13:36:48.000','2026-05-16 13:36:48.000'),(1958,'http://xhslink.com/o/9V9G2TGjgmO','69f75726000000002202948e','http://xhslink.com/o/9V9G2TGjgmO','杭州这商场。。好牛逼啊！！🥲🥲🥲','zz顽皮仔','https://sns-avatar-qc.xhscdn.com/avatar/66c322aa71cc427c9a389ca5.jpg?imageView2/2/w/80/format/jpg',`msg` = 'ok', `code` = 0, `data` = '[object Object]','2026-05-16 13:40:43.000','2026-05-16 13:40:43.000'),(1959,'http://xhslink.com/o/A7mxDZvmUcT','69fa15f7000000002202655f','http://xhslink.com/o/A7mxDZvmUcT','来福士！！完全是数一数二的温州菜🥹🥹','zz顽皮仔','https://sns-avatar-qc.xhscdn.com/avatar/66c322aa71cc427c9a389ca5.jpg?imageView2/2/w/80/format/jpg',`msg` = 'ok', `code` = 0, `data` = '[object Object]','2026-05-16 13:40:43.000','2026-05-16 13:40:43.000'),(1960,'http://xhslink.com/o/1HY8WWMvtyZ','69f97ec4000000003601c288','http://xhslink.com/o/1HY8WWMvtyZ','亚龙湾！！我心目中的烧烤神店！！！！','芝士厚鱼丸','https://sns-avatar-qc.xhscdn.com/avatar/1040g2jo30rmvcr8o2m005ol9p656tc2ml5e6iug?imageView2/2/w/80/format/jpg',`msg` = 'ok', `code` = 0, `data` = '[object Object]','2026-05-16 13:40:43.000','2026-05-16 13:40:43.000');
DROP TABLE IF EXISTS `order_batches`;
CREATE TABLE `order_batches` (
  `id` bigint unsigned NOT NULL AUTO_INCREMENT COMMENT '主键ID',
  `batch_id` char(36) NOT NULL COMMENT '批次UUID',
  `batch_no` varchar(40) NOT NULL COMMENT '批次业务编号',
  `user_id` bigint unsigned NOT NULL COMMENT '用户ID',
  `source_type` varchar(32) NOT NULL DEFAULT 'manual' COMMENT '提交来源类型',
  `submit_mode` varchar(32) NOT NULL DEFAULT 'single' COMMENT '提交模式',
  `raw_content` longtext COMMENT '原始提交内容',
  `estimated_amount` decimal(18,4) NOT NULL DEFAULT '0.0000' COMMENT '预计消费金额',
  `status` varchar(32) NOT NULL DEFAULT 'pending' COMMENT '批次状态',
  `total_count` int unsigned NOT NULL DEFAULT '0' COMMENT '总数量',
  `pending_count` int unsigned NOT NULL DEFAULT '0' COMMENT '待处理数量',
  `processing_count` int unsigned NOT NULL DEFAULT '0' COMMENT '处理中数量',
  `succeeded_count` int unsigned NOT NULL DEFAULT '0' COMMENT '成功数量',
  `failed_count` int unsigned NOT NULL DEFAULT '0' COMMENT '失败数量',
  `retryable_count` int unsigned NOT NULL DEFAULT '0' COMMENT '可重试数量',
  `submitted_at` datetime NOT NULL DEFAULT CURRENT_TIMESTAMP COMMENT '提交时间',
  `finished_at` datetime DEFAULT NULL COMMENT '完成时间',
  `created_at` datetime NOT NULL DEFAULT CURRENT_TIMESTAMP COMMENT '创建时间',
  `updated_at` datetime NOT NULL DEFAULT CURRENT_TIMESTAMP ON UPDATE CURRENT_TIMESTAMP COMMENT '更新时间',
  PRIMARY KEY (`id`),
  UNIQUE KEY `uk_order_batches_batch_id` (`batch_id`),
  UNIQUE KEY `uk_order_batches_batch_no` (`batch_no`),
  KEY `idx_order_batches_user_created_at` (`user_id`,`created_at`),
  KEY `idx_order_batches_status_submitted_at` (`status`,`submitted_at`)
) ENGINE=InnoDB AUTO_INCREMENT=1115 DEFAULT CHARSET=utf8mb4 COLLATE=utf8mb4_0900_ai_ci COMMENT='订单批次表';
INSERT INTO `order_batches` (`id`,`batch_id`,`batch_no`,`user_id`,`source_type`,`submit_mode`,`raw_content`,`estimated_amount`,`status`,`total_count`,`pending_count`,`processing_count`,`succeeded_count`,`failed_count`,`retryable_count`,`submitted_at`,`finished_at`,`created_at`,`updated_at`) VALUES (965,'f30e8d77-59e1-4a8e-b96f-cd3cfdffa6af','BATCH-1778845208720',1,'manual','batch','http://xhslink.com/o/70r7VHI8cBm\t\t\t\t1000\nhttp://xhslink.com/o/6GxbL8CKq1B\t\t\t\t500\nhttp://xhslink.com/o/305ucocCcdg\t\t\t\t2000\nhttp://xhslink.com/o/30GA1llJclc\t\t\t\t2000\nhttp://xhslink.com/o/cU7lA98xTN\t\t\t\t3000','85.0000','processing',5,0,5,0,0,0,'2026-05-15 19:40:09.000',NULL,'2026-05-15 19:40:09.000','2026-05-15 19:40:09.000'),(975,'ac923888-266c-4c2b-8e84-0fe0b78aedf5','BATCH-1778850544865',1,'manual','batch','http://xhslink.com/o/64xmKOcGydt\t\t\t\t3000\nhttp://xhslink.com/o/9Hiz3ujGzOX\t\t\t\t3000\nhttp://xhslink.com/o/794oL3s1wrv\t\t\t\t2000\nhttp://xhslink.com/o/yKkQvjZHIz\t\t\t\t3000\n','110.0000','processing',4,0,4,0,0,0,'2026-05-15 21:09:05.000',NULL,'2026-05-15 21:09:05.000','2026-05-15 21:09:05.000'),(980,'8de9ac90-7364-471d-b896-3da7d07a4406','BATCH-1778852195459',1,'manual','batch','http://xhslink.com/o/3awd70Y4w0i\t\t\t\t1000\nhttp://xhslink.com/o/92N3A4zB38V\t\t\t\t2000\nhttp://xhslink.com/o/6Hlp67lpnDq\t\t\t\t1000\nhttp://xhslink.com/o/9rK4WPNsGkt\t\t\t\t1000\nhttp://xhslink.com/o/5OCGqhDhAms\t\t\t\t1000','60.0000','processing',5,0,5,0,0,0,'2026-05-15 21:36:35.000',NULL,'2026-05-15 21:36:35.000','2026-05-15 21:36:35.000'),(981,'e7073d3f-a6bf-49e9-ae2c-d769f232fd2d','BATCH-1778852486233',1,'manual','batch','http://xhslink.com/o/2tOAqs75xMq\t\t\t\t2000\nhttp://xhslink.com/o/8p7Vdd1ZuAM\t\t\t\t3000\nhttp://xhslink.com/o/64xmKOcGydt\t\t\t\t3000\nhttp://xhslink.com/o/9Hiz3ujGzOX\t\t\t\t3000\nhttp://xhslink.com/o/794oL3s1wrv\t\t\t\t2000\n','130.0000','processing',5,0,5,0,0,0,'2026-05-15 21:41:26.000',NULL,'2026-05-15 21:41:26.000','2026-05-15 21:41:26.000'),(986,'49c46a2f-b9d0-4893-87e3-15aa5330ed4f','BATCH-1778853794254',1,'manual','batch','http://xhslink.com/o/9rK4WPNsGkt\t\t\t\t1000\nhttp://xhslink.com/o/20HagCLP4iI\t\t\t\t1000\nhttp://xhslink.com/o/5OCGqhDhAms\t\t\t\t1000\n','30.0000','processing',3,0,3,0,0,0,'2026-05-15 22:03:14.000',NULL,'2026-05-15 22:03:14.000','2026-05-15 22:03:14.000'),(1005,'1e6f8e7f-10ac-4c5f-aa8c-f6919582c3fc','BATCH-1778856156502',1,'manual','batch','http://xhslink.com/o/7PnOyYYjHuK\t\t\t\t1000\nhttp://xhslink.com/o/4XetoBv7b9d\t\t\t\t500\nhttp://xhslink.com/o/8P4Iv8YYgTi\t\t\t\t500\nhttp://xhslink.com/o/AEppKQbCSHR\t\t\t\t1000\n','80.0000','processing',4,0,4,0,0,0,'2026-05-15 22:42:37.000',NULL,'2026-05-15 22:42:37.000','2026-05-15 22:42:37.000'),(1006,'9860c2f5-4736-4d0b-a3af-98f3e530a233','BATCH-1778856196615',1,'manual','batch','http://xhslink.com/o/7PnOyYYjHuK\t\t\t\t1000\nhttp://xhslink.com/o/4XetoBv7b9d\t\t\t\t500\nhttp://xhslink.com/o/8P4Iv8YYgTi\t\t\t\t500\nhttp://xhslink.com/o/AEppKQbCSHR\t\t\t\t1000\n','120.0000','processing',4,0,4,0,0,0,'2026-05-15 22:43:17.000',NULL,'2026-05-15 22:43:17.000','2026-05-15 22:43:17.000'),(1007,'2bc06c66-96fe-40f7-b08e-a50d288c67a1','BATCH-1778856275711',1,'manual','batch','http://xhslink.com/o/7PnOyYYjHuK\t\t\t\t1000\nhttp://xhslink.com/o/4XetoBv7b9d\t\t\t\t500\nhttp://xhslink.com/o/8P4Iv8YYgTi\t\t\t\t500\nhttp://xhslink.com/o/AEppKQbCSHR\t\t\t\t1000\n','120.0000','processing',4,0,4,0,0,0,'2026-05-15 22:44:36.000',NULL,'2026-05-15 22:44:36.000','2026-05-15 22:44:36.000'),(1008,'dd68ab7d-968b-4b1a-b71a-8f61891526ca','BATCH-1778856337706',1,'manual','batch','http://xhslink.com/o/AF6rL7UR4Za\t\t\t\t500\nhttp://xhslink.com/o/6r1VN0Pbi4J\t\t\t\t500\nhttp://xhslink.com/o/7c8ox5ie7pZ\t\t\t\t500\n','90.0000','processing',3,0,3,0,0,0,'2026-05-15 22:45:38.000',NULL,'2026-05-15 22:45:38.000','2026-05-15 22:45:38.000'),(1019,'8ebd6c57-c596-4f01-9d3c-7f64202fee39','BATCH-1778858048989',1,'manual','batch','http://xhslink.com/o/ApeRpp7ZXow\t\t\t\t500\nhttp://xhslink.com/o/AF6rL7UR4Za\t\t\t\t500\nhttp://xhslink.com/o/6r1VN0Pbi4J\t\t\t\t500\nhttp://xhslink.com/o/7c8ox5ie7pZ\t\t\t\t500\nhttp://xhslink.com/o/7PnOyYYjHuK\t\t\t\t1000\n','150.0000','processing',5,0,5,0,0,0,'2026-05-15 23:14:09.000',NULL,'2026-05-15 23:14:09.000','2026-05-15 23:14:09.000'),(1057,'3a2afa85-ac54-4b7f-8618-2d605c9c4943','BATCH-1778900376159',1,'manual','batch','http://xhslink.com/o/A7mxDZvmUcT\t\t\t\t3000\nhttp://xhslink.com/o/AOtG2szadQ2\t\t\t\t3000\nhttp://xhslink.com/o/9lWegRHUQIm\t\t\t\t4000\nhttp://xhslink.com/o/4zEyJVJY0gj\t\t\t\t4000\nhttp://xhslink.com/o/AwF6VBox98T\t\t\t\t4000\nhttp://xhslink.com/o/7cbWaZBsPkd\t\t\t\t6000\nhttp://xhslink.com/o/9UFwskZWoW5\t\t\t\t4000\nhttp://xhslink.com/o/AQlmTgRQ4Bu\t\t\t\t3000\nhttp://xhslink.com/o/9kdbH6aqDOC\t\t\t\t2000\n','270.0000','processing',9,0,9,0,0,0,'2026-05-16 10:59:36.000',NULL,'2026-05-16 10:59:36.000','2026-05-16 10:59:36.000'),(1112,'523e4fac-7b6d-450a-b410-d832ae1b5035','BATCH-1778909811087',1,'manual','batch','http://xhslink.com/o/4jwDZhc34UA\t\t\t\t1000\nhttp://xhslink.com/o/hNsd60Qi86\t\t\t\t1000\nhttp://xhslink.com/o/5KApn7QTPbA\t\t\t\t2000\nhttp://xhslink.com/o/9qAUck5LoPF\t\t\t\t3600\n','120.0000','processing',4,0,4,0,0,0,'2026-05-16 13:36:51.000',NULL,'2026-05-16 13:36:51.000','2026-05-16 13:36:51.000'),(1113,'913071ba-2720-4069-9557-3762f7ad80b7','BATCH-1778909833289',1,'manual','batch','http://xhslink.com/o/4jwDZhc34UA\t\t\t\t1000\nhttp://xhslink.com/o/hNsd60Qi86\t\t\t\t1000\nhttp://xhslink.com/o/5KApn7QTPbA\t\t\t\t2000\nhttp://xhslink.com/o/9qAUck5LoPF\t\t\t\t3600\n','120.0000','processing',4,0,4,0,0,0,'2026-05-16 13:37:13.000',NULL,'2026-05-16 13:37:13.000','2026-05-16 13:37:13.000'),(1114,'23156abd-f194-4cb3-a984-6981eb63adaa','BATCH-1778910047331',1,'manual','batch','http://xhslink.com/o/1HY8WWMvtyZ\t\t\t\t3000\nhttp://xhslink.com/o/9V9G2TGjgmO\t\t\t\t4000\nhttp://xhslink.com/o/A7mxDZvmUcT\t\t\t\t3000\n','90.0000','processing',3,0,3,0,0,0,'2026-05-16 13:40:47.000',NULL,'2026-05-16 13:40:47.000','2026-05-16 13:40:47.000');
DROP TABLE IF EXISTS `order_replenishment_records`;
CREATE TABLE `order_replenishment_records` (
  `id` bigint unsigned NOT NULL AUTO_INCREMENT,
  `replenishment_no` varchar(48) NOT NULL,
  `order_id` bigint unsigned NOT NULL,
  `order_no` varchar(40) NOT NULL,
  `batch_id` bigint unsigned NOT NULL DEFAULT '0',
  `user_id` bigint unsigned NOT NULL,
  `target_type` varchar(32) NOT NULL DEFAULT 'view',
  `note_id` varchar(64) DEFAULT NULL,
  `note_url` varchar(1024) DEFAULT NULL,
  `original_external_task_id` varchar(128) DEFAULT NULL,
  `replenishment_external_task_id` varchar(128) DEFAULT NULL,
  `ordered_quantity` int unsigned NOT NULL DEFAULT '0',
  `actual_quantity` int unsigned NOT NULL DEFAULT '0',
  `shortage_quantity` int unsigned NOT NULL DEFAULT '0',
  `snapshot_before_count` int unsigned DEFAULT NULL,
  `snapshot_after_count` int unsigned DEFAULT NULL,
  `status` varchar(32) NOT NULL DEFAULT 'created',
  `reason_message` varchar(255) DEFAULT NULL,
  `created_at` datetime NOT NULL DEFAULT CURRENT_TIMESTAMP,
  `updated_at` datetime NOT NULL DEFAULT CURRENT_TIMESTAMP ON UPDATE CURRENT_TIMESTAMP,
  PRIMARY KEY (`id`),
  UNIQUE KEY `uk_order_replenishment_records_no` (`replenishment_no`),
  KEY `idx_order_replenishment_records_order_id` (`order_id`),
  KEY `idx_order_replenishment_records_user_created_at` (`user_id`,`created_at`),
  KEY `idx_order_replenishment_records_status` (`status`)
) ENGINE=InnoDB AUTO_INCREMENT=48 DEFAULT CHARSET=utf8mb4 COLLATE=utf8mb4_0900_ai_ci;
INSERT INTO `order_replenishment_records` (`id`,`replenishment_no`,`order_id`,`order_no`,`batch_id`,`user_id`,`target_type`,`note_id`,`note_url`,`original_external_task_id`,`replenishment_external_task_id`,`ordered_quantity`,`actual_quantity`,`shortage_quantity`,`snapshot_before_count`,`snapshot_after_count`,`status`,`reason_message`,`created_at`,`updated_at`) VALUES (1,'REPL-1778935906186-227FC3',44,'ORDER-1778935906142-001',34,1,'view','64f1a2b3c4d5e6f789012345','https://www.xiaohongshu.com/explore/64f1a2b3c4d5e6f789012345','12345','12345',100,0,100,0,0,'failed','Replenishment completed but final actual metric snapshot is unavailable','2026-05-16 20:51:46.000','2026-05-16 21:14:22.000'),(2,'REPL-1778935906245-E2CB11',45,'ORDER-1778935906228-001',35,1,'view','64f1a2b3c4d5e6f789012345','https://www.xiaohongshu.com/explore/64f1a2b3c4d5e6f789012345','12345','22345',100,40,60,1000,1040,'failed','Replenishment completed but final actual metric snapshot is unavailable','2026-05-16 20:51:46.000','2026-05-16 21:14:22.000'),(3,'REPL-1778935940341-6404B3',71,'ORDER-1778935940320-001',58,1,'view','64f1a2b3c4d5e6f789012345','https://www.xiaohongshu.com/explore/64f1a2b3c4d5e6f789012345','12345','22345',100,40,60,1000,1040,'failed','Replenishment completed but final actual metric snapshot is unavailable','2026-05-16 20:52:20.000','2026-05-16 21:14:22.000'),(42,'REPL-1778940211297-32AC04',861,'ORDER-1778940211272-001',697,1,'view','64f1a2b3c4d5e6f789012345','https://www.xiaohongshu.com/explore/64f1a2b3c4d5e6f789012345','12345','12345',100,0,100,0,0,'created','Actual delivery short; replenishment created: ordered 100, actual 0, shortage 100','2026-05-16 22:03:31.000','2026-05-16 22:03:31.000'),(43,'REPL-1778940258223-5D9FF2',894,'ORDER-1778940258200-001',723,1,'view','64f1a2b3c4d5e6f789012345','https://www.xiaohongshu.com/explore/64f1a2b3c4d5e6f789012345','12345','12345',100,0,100,0,0,'created','Actual delivery short; replenishment created: ordered 100, actual 0, shortage 100','2026-05-16 22:04:18.000','2026-05-16 22:04:18.000'),(44,'REPL-1778940297891-3855A3',922,'ORDER-1778940297811-001',744,1,'view','64f1a2b3c4d5e6f789012345','https://www.xiaohongshu.com/explore/64f1a2b3c4d5e6f789012345','12345','12345',100,0,100,0,0,'created','Actual delivery short; replenishment created: ordered 100, actual 0, shortage 100','2026-05-16 22:04:58.000','2026-05-16 22:04:58.000'),(45,'REPL-1778940297896-81D7C6',854,'ORDER-1778939976113-001',690,1,'view','6a081953000000003501efc6','https://www.xiaohongshu.com/explore/6a081953000000003501efc6','631031','12345',10,0,10,0,0,'created','Actual delivery short; replenishment created: ordered 10, actual 0, shortage 10','2026-05-16 22:04:58.000','2026-05-16 22:04:58.000'),(46,'REPL-1778940343970-E27E11',928,'ORDER-1778940343945-001',750,1,'view','64f1a2b3c4d5e6f789012345','https://www.xiaohongshu.com/explore/64f1a2b3c4d5e6f789012345','12345','12345',100,0,100,0,0,'created','Actual delivery short; replenishment created: ordered 100, actual 0, shortage 100','2026-05-16 22:05:44.000','2026-05-16 22:05:44.000'),(47,'REPL-1778940391958-5ED4C8',961,'ORDER-1778940391931-001',776,1,'view','64f1a2b3c4d5e6f789012345','https://www.xiaohongshu.com/explore/64f1a2b3c4d5e6f789012345','12345','12345',100,0,100,0,0,'created','Actual delivery short; replenishment created: ordered 100, actual 0, shortage 100','2026-05-16 22:06:32.000','2026-05-16 22:06:32.000');
DROP TABLE IF EXISTS `orders`;
CREATE TABLE `orders` (
  `id` bigint unsigned NOT NULL AUTO_INCREMENT COMMENT '主键ID',
  `order_no` varchar(40) NOT NULL COMMENT '订单编号',
  `user_id` bigint unsigned NOT NULL COMMENT '用户ID',
  `batch_id` bigint unsigned NOT NULL DEFAULT '0' COMMENT '来源批次ID',
  `batch_item_id` bigint unsigned NOT NULL DEFAULT '0' COMMENT '来源批次明细ID',
  `note_id` varchar(64) DEFAULT NULL COMMENT '小红书笔记ID',
  `note_url` varchar(1024) DEFAULT NULL COMMENT '小红书笔记链接',
  `target_type` varchar(32) NOT NULL DEFAULT 'view' COMMENT '下单目标类型',
  `ordered_quantity` int unsigned NOT NULL DEFAULT '0' COMMENT '下单数量',
  `completed_quantity` int unsigned NOT NULL DEFAULT '0' COMMENT '已完成数量',
  `refunded_quantity` int unsigned NOT NULL DEFAULT '0' COMMENT '已退款数量',
  `refund_amount_total` decimal(18,4) NOT NULL DEFAULT '0.0000' COMMENT '累计退款金额',
  `repair_count` int unsigned NOT NULL DEFAULT '0' COMMENT '补单次数',
  `order_status` varchar(32) NOT NULL DEFAULT 'running' COMMENT '订单状态',
  `external_task_id` varchar(128) DEFAULT NULL COMMENT '外部任务ID',
  `external_status` varchar(64) DEFAULT NULL COMMENT '外部任务状态',
  `external_progress` decimal(10,4) DEFAULT NULL COMMENT '外部任务进度',
  `external_completed_quantity` int unsigned NOT NULL DEFAULT '0' COMMENT '外部返回完成数量',
  `external_last_synced_at` datetime DEFAULT NULL COMMENT '外部进度同步时间',
  `reason_code` varchar(64) DEFAULT NULL COMMENT '原因编码',
  `reason_message` varchar(255) DEFAULT NULL COMMENT '原因说明',
  `snapshot_current_read_count` int unsigned DEFAULT NULL COMMENT '下单时阅读数快照',
  `snapshot_verified_read_count` int unsigned DEFAULT NULL COMMENT '验收时阅读数快照',
  `last_dispatch_at` datetime DEFAULT NULL COMMENT '最近投递时间',
  `last_verified_at` datetime DEFAULT NULL COMMENT '最近验收时间',
  `refund_lock_status` varchar(32) NOT NULL DEFAULT 'unlocked' COMMENT '退款锁状态',
  `refund_locked_at` datetime DEFAULT NULL COMMENT '退款锁定时间',
  `refund_requested_at` datetime DEFAULT NULL COMMENT '申请退款时间',
  `stop_requested_at` datetime DEFAULT NULL COMMENT '请求停止时间',
  `stop_response_message` varchar(255) DEFAULT NULL COMMENT '停止任务响应说明',
  `refund_calc_after_at` datetime DEFAULT NULL COMMENT '退款计算时间点',
  `archived_at` datetime DEFAULT NULL COMMENT '归档时间',
  `created_at` datetime NOT NULL DEFAULT CURRENT_TIMESTAMP COMMENT '创建时间',
  `updated_at` datetime NOT NULL DEFAULT CURRENT_TIMESTAMP ON UPDATE CURRENT_TIMESTAMP COMMENT '更新时间',
  PRIMARY KEY (`id`),
  UNIQUE KEY `uk_orders_order_no` (`order_no`),
  KEY `idx_orders_user_created_at` (`user_id`,`created_at`),
  KEY `idx_orders_status_updated_at` (`order_status`,`updated_at`),
  KEY `idx_orders_batch_id` (`batch_id`),
  KEY `idx_orders_batch_item_id` (`batch_item_id`),
  KEY `idx_orders_note_id` (`note_id`),
  KEY `idx_orders_external_task_id` (`external_task_id`),
  KEY `idx_orders_refund_lock_status` (`refund_lock_status`),
  KEY `idx_orders_refund_calc_after_at` (`refund_calc_after_at`)
) ENGINE=InnoDB AUTO_INCREMENT=2179 DEFAULT CHARSET=utf8mb4 COLLATE=utf8mb4_0900_ai_ci COMMENT='订单主表';
INSERT INTO `orders` (`id`,`order_no`,`user_id`,`batch_id`,`batch_item_id`,`note_id`,`note_url`,`target_type`,`ordered_quantity`,`completed_quantity`,`refunded_quantity`,`refund_amount_total`,`repair_count`,`order_status`,`external_task_id`,`external_status`,`external_progress`,`external_completed_quantity`,`external_last_synced_at`,`reason_code`,`reason_message`,`snapshot_current_read_count`,`snapshot_verified_read_count`,`last_dispatch_at`,`last_verified_at`,`refund_lock_status`,`refund_locked_at`,`refund_requested_at`,`stop_requested_at`,`stop_response_message`,`refund_calc_after_at`,`archived_at`,`created_at`,`updated_at`) VALUES (1929,'ORDER-1778845208722-001',1,965,1,'6a057cce0000000007022fe6','http://xhslink.com/o/70r7VHI8cBm','view',1000,0,0,'0.0000',0,'running',NULL,NULL,NULL,0,NULL,NULL,NULL,NULL,NULL,NULL,NULL,'unlocked',NULL,NULL,NULL,NULL,NULL,NULL,'2026-05-15 19:40:09.000','2026-05-15 19:40:09.000'),(1930,'ORDER-1778845208724-002',1,965,2,'69fb0c230000000035028502','http://xhslink.com/o/6GxbL8CKq1B','view',500,0,0,'0.0000',0,'running',NULL,NULL,NULL,0,NULL,NULL,NULL,NULL,NULL,NULL,NULL,'unlocked',NULL,NULL,NULL,NULL,NULL,NULL,'2026-05-15 19:40:09.000','2026-05-15 19:40:09.000'),(1931,'ORDER-1778845208724-003',1,965,3,'69faab660000000035027eeb','http://xhslink.com/o/305ucocCcdg','view',2000,0,0,'0.0000',0,'running',NULL,NULL,NULL,0,NULL,NULL,NULL,NULL,NULL,NULL,NULL,'unlocked',NULL,NULL,NULL,NULL,NULL,NULL,'2026-05-15 19:40:09.000','2026-05-15 19:40:09.000'),(1932,'ORDER-1778845208725-004',1,965,4,'6a057ad5000000003502ef85','http://xhslink.com/o/30GA1llJclc','view',2000,0,0,'0.0000',0,'running',NULL,NULL,NULL,0,NULL,NULL,NULL,NULL,NULL,NULL,NULL,'unlocked',NULL,NULL,NULL,NULL,NULL,NULL,'2026-05-15 19:40:09.000','2026-05-15 19:40:09.000'),(1933,'ORDER-1778845208726-005',1,965,5,'6a04ae9b000000000803eda0','http://xhslink.com/o/cU7lA98xTN','view',3000,0,0,'0.0000',0,'running',NULL,NULL,NULL,0,NULL,NULL,NULL,NULL,NULL,NULL,NULL,'unlocked',NULL,NULL,NULL,NULL,NULL,NULL,'2026-05-15 19:40:09.000','2026-05-15 19:40:09.000'),(1943,'ORDER-1778850544867-001',1,975,1,'69f44a060000000037037b2b','http://xhslink.com/o/64xmKOcGydt','view',3000,0,0,'0.0000',0,'running',NULL,NULL,NULL,0,NULL,NULL,NULL,NULL,NULL,NULL,NULL,'unlocked',NULL,NULL,NULL,NULL,NULL,NULL,'2026-05-15 21:09:05.000','2026-05-15 21:09:05.000'),(1944,'ORDER-1778850544869-002',1,975,2,'69f9fdc0000000003701ce0a','http://xhslink.com/o/9Hiz3ujGzOX','view',3000,0,0,'0.0000',0,'running',NULL,NULL,NULL,0,NULL,NULL,NULL,NULL,NULL,NULL,NULL,'unlocked',NULL,NULL,NULL,NULL,NULL,NULL,'2026-05-15 21:09:05.000','2026-05-15 21:09:05.000'),(1945,'ORDER-1778850544869-003',1,975,3,'6a0083e800000000380342a1','http://xhslink.com/o/794oL3s1wrv','view',2000,0,0,'0.0000',0,'running',NULL,NULL,NULL,0,NULL,NULL,NULL,NULL,NULL,NULL,NULL,'unlocked',NULL,NULL,NULL,NULL,NULL,NULL,'2026-05-15 21:09:05.000','2026-05-15 21:09:05.000'),(1946,'ORDER-1778850544870-004',1,975,4,'6a00842f000000003701f445','http://xhslink.com/o/yKkQvjZHIz','view',3000,0,0,'0.0000',0,'running',NULL,NULL,NULL,0,NULL,NULL,NULL,NULL,NULL,NULL,NULL,'unlocked',NULL,NULL,NULL,NULL,NULL,NULL,'2026-05-15 21:09:05.000','2026-05-15 21:09:05.000'),(1951,'ORDER-1778852195460-001',1,980,1,'69f83b060000000022028996','http://xhslink.com/o/3awd70Y4w0i','view',1000,0,0,'0.0000',0,'running',NULL,NULL,NULL,0,NULL,NULL,NULL,NULL,NULL,NULL,NULL,'unlocked',NULL,NULL,NULL,NULL,NULL,NULL,'2026-05-15 21:36:35.000','2026-05-15 21:36:35.000'),(1952,'ORDER-1778852195462-002',1,980,2,'6a05973c000000003701c26e','http://xhslink.com/o/92N3A4zB38V','view',2000,0,0,'0.0000',0,'running',NULL,NULL,NULL,0,NULL,NULL,NULL,NULL,NULL,NULL,NULL,'unlocked',NULL,NULL,NULL,NULL,NULL,NULL,'2026-05-15 21:36:35.000','2026-05-15 21:36:35.000'),(1953,'ORDER-1778852195462-003',1,980,3,'69ef2c9e0000000036031a58','http://xhslink.com/o/6Hlp67lpnDq','view',1000,0,0,'0.0000',0,'running',NULL,NULL,NULL,0,NULL,NULL,NULL,NULL,NULL,NULL,NULL,'unlocked',NULL,NULL,NULL,NULL,NULL,NULL,'2026-05-15 21:36:35.000','2026-05-15 21:36:35.000'),(1954,'ORDER-1778852195463-004',1,980,4,'69eb038a000000001f031002','http://xhslink.com/o/9rK4WPNsGkt','view',1000,0,0,'0.0000',0,'running',NULL,NULL,NULL,0,NULL,NULL,NULL,NULL,NULL,NULL,NULL,'unlocked',NULL,NULL,NULL,NULL,NULL,NULL,'2026-05-15 21:36:35.000','2026-05-15 21:36:35.000'),(1955,'ORDER-1778852195464-005',1,980,5,'69f74b350000000036031d2f','http://xhslink.com/o/5OCGqhDhAms','view',1000,0,0,'0.0000',0,'running',NULL,NULL,NULL,0,NULL,NULL,NULL,NULL,NULL,NULL,NULL,'unlocked',NULL,NULL,NULL,NULL,NULL,NULL,'2026-05-15 21:36:35.000','2026-05-15 21:36:35.000'),(1956,'ORDER-1778852486234-001',1,981,1,'69eebb2a0000000038035733','http://xhslink.com/o/2tOAqs75xMq','view',2000,0,0,'0.0000',0,'running',NULL,NULL,NULL,0,NULL,NULL,NULL,NULL,NULL,NULL,NULL,'unlocked',NULL,NULL,NULL,NULL,NULL,NULL,'2026-05-15 21:41:26.000','2026-05-15 21:41:26.000'),(1957,'ORDER-1778852486235-002',1,981,2,'69f1863a000000003700ebb6','http://xhslink.com/o/8p7Vdd1ZuAM','view',3000,0,0,'0.0000',0,'running',NULL,NULL,NULL,0,NULL,NULL,NULL,NULL,NULL,NULL,NULL,'unlocked',NULL,NULL,NULL,NULL,NULL,NULL,'2026-05-15 21:41:26.000','2026-05-15 21:41:26.000'),(1958,'ORDER-1778852486236-003',1,981,3,'69f44a060000000037037b2b','http://xhslink.com/o/64xmKOcGydt','view',3000,0,0,'0.0000',0,'running',NULL,NULL,NULL,0,NULL,NULL,NULL,NULL,NULL,NULL,NULL,'unlocked',NULL,NULL,NULL,NULL,NULL,NULL,'2026-05-15 21:41:26.000','2026-05-15 21:41:26.000'),(1959,'ORDER-1778852486236-004',1,981,4,'69f9fdc0000000003701ce0a','http://xhslink.com/o/9Hiz3ujGzOX','view',3000,0,0,'0.0000',0,'running',NULL,NULL,NULL,0,NULL,NULL,NULL,NULL,NULL,NULL,NULL,'unlocked',NULL,NULL,NULL,NULL,NULL,NULL,'2026-05-15 21:41:26.000','2026-05-15 21:41:26.000'),(1960,'ORDER-1778852486237-005',1,981,5,'6a0083e800000000380342a1','http://xhslink.com/o/794oL3s1wrv','view',2000,0,0,'0.0000',0,'running',NULL,NULL,NULL,0,NULL,NULL,NULL,NULL,NULL,NULL,NULL,'unlocked',NULL,NULL,NULL,NULL,NULL,NULL,'2026-05-15 21:41:26.000','2026-05-15 21:41:26.000'),(1965,'ORDER-1778853794256-001',1,986,1,'69eb038a000000001f031002','http://xhslink.com/o/9rK4WPNsGkt','view',1000,0,0,'0.0000',0,'running',NULL,NULL,NULL,0,NULL,NULL,NULL,NULL,NULL,NULL,NULL,'unlocked',NULL,NULL,NULL,NULL,NULL,NULL,'2026-05-15 22:03:14.000','2026-05-15 22:03:14.000'),(1966,'ORDER-1778853794257-002',1,986,2,'69fde47c0000000038023bdb','http://xhslink.com/o/20HagCLP4iI','view',1000,0,0,'0.0000',0,'running',NULL,NULL,NULL,0,NULL,NULL,NULL,NULL,NULL,NULL,NULL,'unlocked',NULL,NULL,NULL,NULL,NULL,NULL,'2026-05-15 22:03:14.000','2026-05-15 22:03:14.000'),(1967,'ORDER-1778853794258-003',1,986,3,'69f74b350000000036031d2f','http://xhslink.com/o/5OCGqhDhAms','view',1000,0,0,'0.0000',0,'running',NULL,NULL,NULL,0,NULL,NULL,NULL,NULL,NULL,NULL,NULL,'unlocked',NULL,NULL,NULL,NULL,NULL,NULL,'2026-05-15 22:03:14.000','2026-05-15 22:03:14.000'),(1990,'ORDER-1778856156504-001',1,1005,1,'6a04206800000000060306ac','http://xhslink.com/o/7PnOyYYjHuK','view',1000,0,0,'0.0000',0,'running',NULL,NULL,NULL,0,NULL,NULL,NULL,NULL,NULL,NULL,NULL,'unlocked',NULL,NULL,NULL,NULL,NULL,NULL,'2026-05-15 22:42:37.000','2026-05-15 22:42:37.000'),(1991,'ORDER-1778856156506-002',1,1005,2,'69f06c34000000001b021024','http://xhslink.com/o/4XetoBv7b9d','view',500,0,0,'0.0000',0,'running',NULL,NULL,NULL,0,NULL,NULL,NULL,NULL,NULL,NULL,NULL,'unlocked',NULL,NULL,NULL,NULL,NULL,NULL,'2026-05-15 22:42:37.000','2026-05-15 22:42:37.000'),(1992,'ORDER-1778856156507-003',1,1005,3,'6a0534fb00000000060214dc','http://xhslink.com/o/8P4Iv8YYgTi','view',500,0,0,'0.0000',0,'running',NULL,NULL,NULL,0,NULL,NULL,NULL,NULL,NULL,NULL,NULL,'unlocked',NULL,NULL,NULL,NULL,NULL,NULL,'2026-05-15 22:42:37.000','2026-05-15 22:42:37.000'),(1993,'ORDER-1778856156507-004',1,1005,4,'6a055b990000000035023838','http://xhslink.com/o/AEppKQbCSHR','view',1000,0,0,'0.0000',0,'running',NULL,NULL,NULL,0,NULL,NULL,NULL,NULL,NULL,NULL,NULL,'unlocked',NULL,NULL,NULL,NULL,NULL,NULL,'2026-05-15 22:42:37.000','2026-05-15 22:42:37.000'),(1994,'ORDER-1778856196616-001',1,1006,1,'6a04206800000000060306ac','http://xhslink.com/o/7PnOyYYjHuK','view',1000,0,0,'0.0000',0,'running',NULL,NULL,NULL,0,NULL,NULL,NULL,NULL,NULL,NULL,NULL,'unlocked',NULL,NULL,NULL,NULL,NULL,NULL,'2026-05-15 22:43:17.000','2026-05-15 22:43:17.000'),(1995,'ORDER-1778856196618-002',1,1006,2,'69f06c34000000001b021024','http://xhslink.com/o/4XetoBv7b9d','view',500,0,0,'0.0000',0,'running',NULL,NULL,NULL,0,NULL,NULL,NULL,NULL,NULL,NULL,NULL,'unlocked',NULL,NULL,NULL,NULL,NULL,NULL,'2026-05-15 22:43:17.000','2026-05-15 22:43:17.000'),(1996,'ORDER-1778856196618-003',1,1006,3,'6a0534fb00000000060214dc','http://xhslink.com/o/8P4Iv8YYgTi','view',500,0,0,'0.0000',0,'running',NULL,NULL,NULL,0,NULL,NULL,NULL,NULL,NULL,NULL,NULL,'unlocked',NULL,NULL,NULL,NULL,NULL,NULL,'2026-05-15 22:43:17.000','2026-05-15 22:43:17.000'),(1997,'ORDER-1778856196619-004',1,1006,4,'6a055b990000000035023838','http://xhslink.com/o/AEppKQbCSHR','view',1000,0,0,'0.0000',0,'running',NULL,NULL,NULL,0,NULL,NULL,NULL,NULL,NULL,NULL,NULL,'unlocked',NULL,NULL,NULL,NULL,NULL,NULL,'2026-05-15 22:43:17.000','2026-05-15 22:43:17.000'),(1998,'ORDER-1778856275712-001',1,1007,1,'6a04206800000000060306ac','http://xhslink.com/o/7PnOyYYjHuK','view',1000,0,1000,'30.0000',0,'refund_approved',NULL,NULL,NULL,0,NULL,NULL,'管理员审核通过',NULL,NULL,NULL,NULL,'unlocked',NULL,'2026-05-15 23:10:10.000','2026-05-15 23:10:10.000',NULL,'2026-05-16 23:10:10.000',NULL,'2026-05-15 22:44:36.000','2026-05-15 23:10:16.000'),(1999,'ORDER-1778856275713-002',1,1007,2,'69f06c34000000001b021024','http://xhslink.com/o/4XetoBv7b9d','view',500,0,0,'0.0000',0,'running',NULL,NULL,NULL,0,NULL,NULL,NULL,NULL,NULL,NULL,NULL,'unlocked',NULL,NULL,NULL,NULL,NULL,NULL,'2026-05-15 22:44:36.000','2026-05-15 22:44:36.000'),(2000,'ORDER-1778856275714-003',1,1007,3,'6a0534fb00000000060214dc','http://xhslink.com/o/8P4Iv8YYgTi','view',500,0,0,'0.0000',0,'running',NULL,NULL,NULL,0,NULL,NULL,NULL,NULL,NULL,NULL,NULL,'unlocked',NULL,NULL,NULL,NULL,NULL,NULL,'2026-05-15 22:44:36.000','2026-05-15 22:44:36.000'),(2001,'ORDER-1778856275714-004',1,1007,4,'6a055b990000000035023838','http://xhslink.com/o/AEppKQbCSHR','view',1000,0,0,'0.0000',0,'running',NULL,NULL,NULL,0,NULL,NULL,NULL,NULL,NULL,NULL,NULL,'unlocked',NULL,NULL,NULL,NULL,NULL,NULL,'2026-05-15 22:44:36.000','2026-05-15 22:44:36.000'),(2002,'ORDER-1778856337708-001',1,1008,1,'69f06bb100000000360016f5','http://xhslink.com/o/AF6rL7UR4Za','view',500,0,500,'30.0000',0,'refund_approved',NULL,NULL,NULL,0,NULL,NULL,'管理员审核通过',NULL,NULL,NULL,NULL,'unlocked',NULL,'2026-05-15 22:58:11.000','2026-05-15 22:58:11.000',NULL,'2026-05-16 22:58:11.000',NULL,'2026-05-15 22:45:38.000','2026-05-15 23:29:01.000'),(2003,'ORDER-1778856337709-002',1,1008,2,'69fc96e30000000036001885','http://xhslink.com/o/6r1VN0Pbi4J','view',500,0,500,'30.0000',0,'refund_approved',NULL,NULL,NULL,0,NULL,NULL,'管理员审核通过',NULL,NULL,NULL,NULL,'unlocked',NULL,'2026-05-15 23:11:11.000','2026-05-15 23:11:11.000',NULL,'2026-05-16 23:11:11.000',NULL,'2026-05-15 22:45:38.000','2026-05-15 23:11:14.000'),(2004,'ORDER-1778856337710-003',1,1008,3,'69ef049b000000003502df2b','http://xhslink.com/o/7c8ox5ie7pZ','view',500,0,500,'30.0000',0,'refund_approved',NULL,NULL,NULL,0,NULL,NULL,'管理员审核通过',NULL,NULL,NULL,NULL,'unlocked',NULL,'2026-05-15 23:21:31.000','2026-05-15 23:21:31.000',NULL,'2026-05-16 23:21:31.000',NULL,'2026-05-15 22:45:38.000','2026-05-15 23:21:36.000'),(2015,'ORDER-1778858048990-001',1,1019,1,'69fdc67f000000002202ad43','http://xhslink.com/o/ApeRpp7ZXow','view',500,0,500,'30.0000',0,'refund_approved',NULL,NULL,NULL,0,NULL,NULL,'管理员审核通过',NULL,NULL,NULL,NULL,'unlocked',NULL,'2026-05-15 23:20:44.000','2026-05-15 23:20:44.000',NULL,'2026-05-16 23:20:44.000',NULL,'2026-05-15 23:14:09.000','2026-05-15 23:20:47.000'),(2016,'ORDER-1778858048992-002',1,1019,2,'69f06bb100000000360016f5','http://xhslink.com/o/AF6rL7UR4Za','view',500,0,500,'30.0000',0,'refund_approved',NULL,NULL,NULL,0,NULL,NULL,'管理员审核通过',NULL,NULL,NULL,NULL,'unlocked',NULL,'2026-05-15 23:20:10.000','2026-05-15 23:20:10.000',NULL,'2026-05-16 23:20:10.000',NULL,'2026-05-15 23:14:09.000','2026-05-15 23:20:17.000'),(2017,'ORDER-1778858048992-003',1,1019,3,'69fc96e30000000036001885','http://xhslink.com/o/6r1VN0Pbi4J','view',500,0,500,'30.0000',0,'refund_approved',NULL,NULL,NULL,0,NULL,NULL,'管理员审核通过',NULL,NULL,NULL,NULL,'unlocked',NULL,'2026-05-15 23:21:52.000','2026-05-15 23:21:52.000',NULL,'2026-05-16 23:21:52.000',NULL,'2026-05-15 23:14:09.000','2026-05-15 23:22:17.000'),(2018,'ORDER-1778858048993-004',1,1019,4,'69ef049b000000003502df2b','http://xhslink.com/o/7c8ox5ie7pZ','view',500,0,500,'30.0000',0,'refund_approved',NULL,NULL,NULL,0,NULL,NULL,'管理员审核通过',NULL,NULL,NULL,NULL,'unlocked',NULL,'2026-05-15 23:20:12.000','2026-05-15 23:20:12.000',NULL,'2026-05-16 23:20:12.000',NULL,'2026-05-15 23:14:09.000','2026-05-15 23:20:19.000'),(2019,'ORDER-1778858048993-005',1,1019,5,'6a04206800000000060306ac','http://xhslink.com/o/7PnOyYYjHuK','view',1000,0,0,'0.0000',0,'running',NULL,NULL,NULL,0,NULL,NULL,NULL,NULL,NULL,NULL,NULL,'unlocked',NULL,NULL,NULL,NULL,NULL,NULL,'2026-05-15 23:14:09.000','2026-05-15 23:14:09.000'),(2085,'ORDER-1778900376162-001',1,1057,1,'69fa15f7000000002202655f','http://xhslink.com/o/A7mxDZvmUcT','view',3000,0,0,'0.0000',0,'running',NULL,NULL,NULL,0,NULL,NULL,NULL,NULL,NULL,NULL,NULL,'unlocked',NULL,NULL,NULL,NULL,NULL,NULL,'2026-05-16 10:59:36.000','2026-05-16 10:59:36.000'),(2086,'ORDER-1778900376163-002',1,1057,2,'69f5c43b000000001a035114','http://xhslink.com/o/AOtG2szadQ2','view',3000,0,0,'0.0000',0,'running',NULL,NULL,NULL,0,NULL,NULL,NULL,NULL,NULL,NULL,NULL,'unlocked',NULL,NULL,NULL,NULL,NULL,NULL,'2026-05-16 10:59:36.000','2026-05-16 10:59:36.000'),(2087,'ORDER-1778900376164-003',1,1057,3,'69fcb07d0000000035039260','http://xhslink.com/o/9lWegRHUQIm','view',4000,0,0,'0.0000',0,'running',NULL,NULL,NULL,0,NULL,NULL,NULL,NULL,NULL,NULL,NULL,'unlocked',NULL,NULL,NULL,NULL,NULL,NULL,'2026-05-16 10:59:36.000','2026-05-16 10:59:36.000'),(2088,'ORDER-1778900376165-004',1,1057,4,'69e7a8620000000021005abc','http://xhslink.com/o/4zEyJVJY0gj','view',4000,0,0,'0.0000',0,'running',NULL,NULL,NULL,0,NULL,NULL,NULL,NULL,NULL,NULL,NULL,'unlocked',NULL,NULL,NULL,NULL,NULL,NULL,'2026-05-16 10:59:36.000','2026-05-16 10:59:36.000'),(2089,'ORDER-1778900376165-005',1,1057,5,'69f6bd90000000003503379c','http://xhslink.com/o/AwF6VBox98T','view',4000,0,0,'0.0000',0,'running',NULL,NULL,NULL,0,NULL,NULL,NULL,NULL,NULL,NULL,NULL,'unlocked',NULL,NULL,NULL,NULL,NULL,NULL,'2026-05-16 10:59:36.000','2026-05-16 10:59:36.000'),(2090,'ORDER-1778900376166-006',1,1057,6,'69ee314b0000000036000e21','http://xhslink.com/o/7cbWaZBsPkd','view',6000,0,0,'0.0000',0,'running',NULL,NULL,NULL,0,NULL,NULL,NULL,NULL,NULL,NULL,NULL,'unlocked',NULL,NULL,NULL,NULL,NULL,NULL,'2026-05-16 10:59:36.000','2026-05-16 10:59:36.000'),(2091,'ORDER-1778900376167-007',1,1057,7,'69d4807f000000001d01fbf8','http://xhslink.com/o/9UFwskZWoW5','view',4000,0,0,'0.0000',0,'running',NULL,NULL,NULL,0,NULL,NULL,NULL,NULL,NULL,NULL,NULL,'unlocked',NULL,NULL,NULL,NULL,NULL,NULL,'2026-05-16 10:59:36.000','2026-05-16 10:59:36.000'),(2092,'ORDER-1778900376168-008',1,1057,8,'69d47d5e000000002200ca21','http://xhslink.com/o/AQlmTgRQ4Bu','view',3000,0,0,'0.0000',0,'running',NULL,NULL,NULL,0,NULL,NULL,NULL,NULL,NULL,NULL,NULL,'unlocked',NULL,NULL,NULL,NULL,NULL,NULL,'2026-05-16 10:59:36.000','2026-05-16 10:59:36.000'),(2093,'ORDER-1778900376168-009',1,1057,9,'691dd787000000001d03c2a2','http://xhslink.com/o/9kdbH6aqDOC','view',2000,0,0,'0.0000',0,'running',NULL,NULL,NULL,0,NULL,NULL,NULL,NULL,NULL,NULL,NULL,'unlocked',NULL,NULL,NULL,NULL,NULL,NULL,'2026-05-16 10:59:36.000','2026-05-16 10:59:36.000'),(2168,'ORDER-1778909811088-001',1,1112,1,'6a02c30c000000000603034f','http://xhslink.com/o/4jwDZhc34UA','view',1000,0,0,'0.0000',0,'running',NULL,NULL,NULL,0,NULL,NULL,NULL,NULL,NULL,NULL,NULL,'unlocked',NULL,NULL,NULL,NULL,NULL,NULL,'2026-05-16 13:36:51.000','2026-05-16 13:36:51.000'),(2169,'ORDER-1778909811090-002',1,1112,2,'6a03e7a6000000000803f05b','http://xhslink.com/o/hNsd60Qi86','view',1000,0,0,'0.0000',0,'running',NULL,NULL,NULL,0,NULL,NULL,NULL,NULL,NULL,NULL,NULL,'unlocked',NULL,NULL,NULL,NULL,NULL,NULL,'2026-05-16 13:36:51.000','2026-05-16 13:36:51.000'),(2170,'ORDER-1778909811091-003',1,1112,3,'6a02d874000000000803e0e7','http://xhslink.com/o/5KApn7QTPbA','view',2000,0,0,'0.0000',0,'running',NULL,NULL,NULL,0,NULL,NULL,NULL,NULL,NULL,NULL,NULL,'unlocked',NULL,NULL,NULL,NULL,NULL,NULL,'2026-05-16 13:36:51.000','2026-05-16 13:36:51.000'),(2171,'ORDER-1778909811091-004',1,1112,4,'6a01e69400000000350287c1','http://xhslink.com/o/9qAUck5LoPF','view',3600,0,0,'0.0000',0,'running',NULL,NULL,NULL,0,NULL,NULL,NULL,NULL,NULL,NULL,NULL,'unlocked',NULL,NULL,NULL,NULL,NULL,NULL,'2026-05-16 13:36:51.000','2026-05-16 13:36:51.000'),(2172,'ORDER-1778909833290-001',1,1113,1,'6a02c30c000000000603034f','http://xhslink.com/o/4jwDZhc34UA','view',1000,0,0,'0.0000',0,'running',NULL,NULL,NULL,0,NULL,NULL,NULL,NULL,NULL,NULL,NULL,'unlocked',NULL,NULL,NULL,NULL,NULL,NULL,'2026-05-16 13:37:13.000','2026-05-16 13:37:13.000'),(2173,'ORDER-1778909833291-002',1,1113,2,'6a03e7a6000000000803f05b','http://xhslink.com/o/hNsd60Qi86','view',1000,0,0,'0.0000',0,'running',NULL,NULL,NULL,0,NULL,NULL,NULL,NULL,NULL,NULL,NULL,'unlocked',NULL,NULL,NULL,NULL,NULL,NULL,'2026-05-16 13:37:13.000','2026-05-16 13:37:13.000'),(2174,'ORDER-1778909833292-003',1,1113,3,'6a02d874000000000803e0e7','http://xhslink.com/o/5KApn7QTPbA','view',2000,0,0,'0.0000',0,'running',NULL,NULL,NULL,0,NULL,NULL,NULL,NULL,NULL,NULL,NULL,'unlocked',NULL,NULL,NULL,NULL,NULL,NULL,'2026-05-16 13:37:13.000','2026-05-16 13:37:13.000'),(2175,'ORDER-1778909833292-004',1,1113,4,'6a01e69400000000350287c1','http://xhslink.com/o/9qAUck5LoPF','view',3600,0,0,'0.0000',0,'running',NULL,NULL,NULL,0,NULL,NULL,NULL,NULL,NULL,NULL,NULL,'unlocked',NULL,NULL,NULL,NULL,NULL,NULL,'2026-05-16 13:37:13.000','2026-05-16 13:37:13.000'),(2176,'ORDER-1778910047332-001',1,1114,1,'69f97ec4000000003601c288','http://xhslink.com/o/1HY8WWMvtyZ','view',3000,0,0,'0.0000',0,'running',NULL,NULL,NULL,0,NULL,NULL,NULL,NULL,NULL,NULL,NULL,'unlocked',NULL,NULL,NULL,NULL,NULL,NULL,'2026-05-16 13:40:47.000','2026-05-16 13:40:47.000'),(2177,'ORDER-1778910047333-002',1,1114,2,'69f75726000000002202948e','http://xhslink.com/o/9V9G2TGjgmO','view',4000,0,0,'0.0000',0,'running',NULL,NULL,NULL,0,NULL,NULL,NULL,NULL,NULL,NULL,NULL,'unlocked',NULL,NULL,NULL,NULL,NULL,NULL,'2026-05-16 13:40:47.000','2026-05-16 13:40:47.000'),(2178,'ORDER-1778910047334-003',1,1114,3,'69fa15f7000000002202655f','http://xhslink.com/o/A7mxDZvmUcT','view',3000,0,0,'0.0000',0,'running',NULL,NULL,NULL,0,NULL,NULL,NULL,NULL,NULL,NULL,NULL,'unlocked',NULL,NULL,NULL,NULL,NULL,NULL,'2026-05-16 13:40:47.000','2026-05-16 13:40:47.000');
DROP TABLE IF EXISTS `permissions`;
CREATE TABLE `permissions` (
  `id` int unsigned NOT NULL AUTO_INCREMENT,
  `code` varchar(100) NOT NULL,
  `name` varchar(100) NOT NULL,
  PRIMARY KEY (`id`),
  UNIQUE KEY `code` (`code`)
) ENGINE=InnoDB AUTO_INCREMENT=6257 DEFAULT CHARSET=utf8mb4 COLLATE=utf8mb4_0900_ai_ci;
INSERT INTO `permissions` (`id`,`code`,`name`) VALUES (1,'AC_100100','Common action'),(3,'AC_100110','Create action'),(5,'AC_100120','Update action'),(7,'AC_100010','Read action'),(9,'AC_DASHBOARD_ANALYTICS','Dashboard analytics page'),(11,'AC_DASHBOARD_WORKSPACE','Dashboard workspace page'),(13,'AC_DEMOS_VIEW','Demos pages'),(15,'AC_SYSTEM_ADMIN','System admin pages');
DROP TABLE IF EXISTS `role_permissions`;
CREATE TABLE `role_permissions` (
  `role_id` int unsigned NOT NULL,
  `permission_id` int unsigned NOT NULL,
  PRIMARY KEY (`role_id`,`permission_id`),
  KEY `fk_role_permissions_permission` (`permission_id`),
  CONSTRAINT `fk_role_permissions_permission` FOREIGN KEY (`permission_id`) REFERENCES `permissions` (`id`) ON DELETE CASCADE,
  CONSTRAINT `fk_role_permissions_role` FOREIGN KEY (`role_id`) REFERENCES `roles` (`id`) ON DELETE CASCADE
) ENGINE=InnoDB DEFAULT CHARSET=utf8mb4 COLLATE=utf8mb4_0900_ai_ci;
INSERT INTO `role_permissions` (`role_id`,`permission_id`) VALUES (1,1),(1,3),(1,5),(1,7),(3,7),(1,9),(1,11),(3,11),(5,11),(1,13),(1,15),(3,15);
DROP TABLE IF EXISTS `roles`;
CREATE TABLE `roles` (
  `id` int unsigned NOT NULL AUTO_INCREMENT,
  `code` varchar(50) NOT NULL,
  `name` varchar(100) NOT NULL,
  PRIMARY KEY (`id`),
  UNIQUE KEY `code` (`code`)
) ENGINE=InnoDB AUTO_INCREMENT=2347 DEFAULT CHARSET=utf8mb4 COLLATE=utf8mb4_0900_ai_ci;
INSERT INTO `roles` (`id`,`code`,`name`) VALUES (1,'super','Super Administrator'),(3,'admin','Administrator'),(5,'user','User');
DROP TABLE IF EXISTS `system_configs`;
CREATE TABLE `system_configs` (
  `id` bigint unsigned NOT NULL AUTO_INCREMENT COMMENT '主键ID',
  `config_group` varchar(64) NOT NULL COMMENT '配置分组',
  `config_key` varchar(128) NOT NULL COMMENT '配置键',
  `config_value` json NOT NULL COMMENT '配置值',
  `status` varchar(32) NOT NULL DEFAULT 'active' COMMENT '配置状态',
  `description` varchar(255) DEFAULT NULL COMMENT '配置说明',
  `version` bigint unsigned NOT NULL DEFAULT '1' COMMENT '配置版本',
  `created_at` datetime NOT NULL DEFAULT CURRENT_TIMESTAMP COMMENT '创建时间',
  `updated_at` datetime NOT NULL DEFAULT CURRENT_TIMESTAMP ON UPDATE CURRENT_TIMESTAMP COMMENT '更新时间',
  PRIMARY KEY (`id`),
  UNIQUE KEY `uk_system_configs_group_key` (`config_group`,`config_key`)
) ENGINE=InnoDB AUTO_INCREMENT=2937 DEFAULT CHARSET=utf8mb4 COLLATE=utf8mb4_0900_ai_ci COMMENT='系统配置表';
INSERT INTO `system_configs` (`id`,`config_group`,`config_key`,`config_value`,`status`,`description`,`version`,`created_at`,`updated_at`) VALUES (1,'pricing','view_unit_price',`value` = 0.01,'active','View unit price',1,'2026-05-15 15:40:24.000','2026-05-15 15:40:24.000'),(2,'pricing','impression_unit_price',`value` = 0.01,'active','Impression unit price',1,'2026-05-15 15:40:24.000','2026-05-15 15:40:24.000'),(3,'system','view_submit_enabled',`enabled` = true,'active','Enable view orders',1,'2026-05-15 15:40:24.000','2026-05-15 15:40:24.000'),(4,'system','impression_submit_enabled',`enabled` = true,'active','Enable impression orders',1,'2026-05-15 15:40:24.000','2026-05-15 15:40:24.000');
DROP TABLE IF EXISTS `user_roles`;
CREATE TABLE `user_roles` (
  `user_id` int unsigned NOT NULL,
  `role_id` int unsigned NOT NULL,
  PRIMARY KEY (`user_id`,`role_id`),
  KEY `fk_user_roles_role` (`role_id`),
  CONSTRAINT `fk_user_roles_role` FOREIGN KEY (`role_id`) REFERENCES `roles` (`id`) ON DELETE CASCADE,
  CONSTRAINT `fk_user_roles_user` FOREIGN KEY (`user_id`) REFERENCES `users` (`id`) ON DELETE CASCADE
) ENGINE=InnoDB DEFAULT CHARSET=utf8mb4 COLLATE=utf8mb4_0900_ai_ci;
INSERT INTO `user_roles` (`user_id`,`role_id`) VALUES (1,1),(1069,1),(1,3),(1003,3),(1006,3),(1009,3),(1013,3),(1018,3),(1022,3),(1034,3),(1069,3),(1071,3),(1084,3),(1093,3),(1106,3),(3,5),(4,5),(5,5),(6,5),(7,5),(8,5),(9,5),(10,5),(11,5),(12,5),(13,5),(14,5),(35,5),(72,5),(105,5),(110,5),(123,5),(136,5),(161,5),(194,5),(231,5),(312,5),(321,5),(414,5),(423,5),(472,5),(513,5),(538,5),(575,5),(636,5),(685,5),(726,5),(771,5),(1000,5),(1001,5),(1002,5),(1004,5),(1005,5),(1007,5),(1008,5),(1010,5),(1011,5),(1012,5),(1014,5),(1015,5),(1016,5),(1017,5),(1019,5),(1020,5),(1021,5),(1023,5),(1024,5),(1025,5),(1026,5),(1027,5),(1028,5),(1029,5),(1030,5),(1031,5),(1032,5),(1033,5),(1035,5),(1036,5),(1069,5),(1070,5),(1072,5),(1073,5),(1078,5),(1083,5),(1085,5),(1086,5),(1087,5),(1092,5),(1094,5),(1095,5),(1096,5),(1105,5),(1107,5),(1108,5),(1109,5);
DROP TABLE IF EXISTS `users`;
CREATE TABLE `users` (
  `id` int unsigned NOT NULL AUTO_INCREMENT COMMENT 'id唯一编号',
  `username` varchar(100) NOT NULL COMMENT '登录用户名',
  `password_hash` varchar(255) CHARACTER SET utf8mb4 COLLATE utf8mb4_0900_ai_ci NOT NULL COMMENT '密码',
  `created_at` timestamp NOT NULL DEFAULT CURRENT_TIMESTAMP COMMENT '创建时间',
  `real_name` varchar(100) NOT NULL DEFAULT '' COMMENT '真实姓名',
  `home_path` varchar(255) NOT NULL DEFAULT '/analytics' COMMENT '登录后首页路径',
  `user_no` varchar(32) DEFAULT NULL COMMENT '用户业务编号',
  `nickname` varchar(64) DEFAULT NULL COMMENT '用户昵称',
  `status` varchar(32) NOT NULL DEFAULT 'active' COMMENT '用户状态',
  `discount_rate` decimal(10,4) NOT NULL DEFAULT '1.0000' COMMENT '阅读业务折扣率',
  `impression_discount_rate` decimal(10,4) NOT NULL DEFAULT '1.0000' COMMENT '曝光业务折扣率',
  `price_mode` varchar(32) NOT NULL DEFAULT 'discount',
  `impression_price_mode` varchar(32) NOT NULL DEFAULT 'discount',
  `fixed_unit_price` decimal(18,4) DEFAULT NULL,
  `impression_fixed_unit_price` decimal(18,4) DEFAULT NULL,
  PRIMARY KEY (`id`),
  UNIQUE KEY `username` (`username`)
) ENGINE=InnoDB AUTO_INCREMENT=1110 DEFAULT CHARSET=utf8mb4 COLLATE=utf8mb4_0900_ai_ci COMMENT='系统用户表';
INSERT INTO `users` (`id`,`username`,`password_hash`,`created_at`,`real_name`,`home_path`,`user_no`,`nickname`,`status`,`discount_rate`,`impression_discount_rate`,`price_mode`,`impression_price_mode`,`fixed_unit_price`,`impression_fixed_unit_price`) VALUES (1,'admin','$2b$10$NoURf0V4YTqDhc1181n89.LnKmaOjnp1BjOT1Kww8UcByB7/DGlcW','2026-05-15 14:26:10.000','Admin','/analytics','U000001','Admin','active','1.0000','1.0000','default','default','30.0000','10.0000'),(3,'tester_1778829472550','$2b$10$eeVasdhDCDe8kt/W1W5yee0TI2UmfJDpazfPnDjB4U1JIvXQDP2jG','2026-05-15 15:17:52.000','tester_1778829472550','/analytics','U000003','tester_1778829472550','active','1.0000','1.0000','discount','discount',NULL,NULL),(4,'tester_1778829516732','$2b$10$O6ZJl05dyE5Ex8vbv6GeH.NIqziwLYeI9BZ9oK8F67cduv2yv4hmG','2026-05-15 15:18:36.000','tester_1778829516732','/analytics','U000004','tester_1778829516732','active','1.0000','1.0000','discount','discount',NULL,NULL),(5,'front_1778829540703','$2b$10$9z6HMbVPuvpjHrxVlEhBr.vGlz6GYQM71xtayrV7rdWnS0wFBfQfa','2026-05-15 15:19:00.000','front_1778829540703','/analytics','U000005','front_1778829540703','active','1.0000','1.0000','discount','discount',NULL,NULL),(6,'admin_text','$2b$10$09e4n6gOmVt6R/TFoC08MeBFrAhPNsZHZD1vqm4rKDsDqJXKkYfkO','2026-05-15 15:19:38.000','admin_text','/analytics','U000006','admin_text','active','1.0000','1.0000','discount','discount',NULL,NULL),(7,'tester_1778829626038','$2b$10$OtJAx6OT3SCbFnPCRSiWXOZofP2G6br3qESqZqMMMh42UwBqOtA2e','2026-05-15 15:20:26.000','tester_1778829626038','/analytics','U000007','tester_1778829626038','active','1.0000','1.0000','discount','discount',NULL,NULL),(8,'low_1778829649078','$2b$10$Ar7XSGpOD5vIzTROGT0gN.qKOn/VZe1hCNXld/51p7G/SFCr.hOGW','2026-05-15 15:20:49.000','low_1778829649078','/analytics','U000008','low_1778829649078','active','1.0000','1.0000','discount','discount',NULL,NULL),(9,'admin1','$2b$10$.isqja/5GNURlyP/rS4SEOylrIcbYcYLxHrvtRtK4oFVQPfoWq4gK','2026-05-15 15:21:54.000','admin1','/analytics','U000009','admin1','active','1.0000','1.0000','discount','discount',NULL,NULL),(10,'tester_1778829833481','$2b$10$b0Ptkblwg6y43f1pslZB5.yRce2HBkE55Vv6V1kKJPIYu2JFquQAi','2026-05-15 15:23:53.000','tester_1778829833481','/analytics','U000010','tester_1778829833481','active','1.0000','1.0000','discount','discount',NULL,NULL),(11,'tester_1778829905081','$2b$10$LhJ4zqQi579ASjMhpE.Zmu0IdP10O3TWe5jV/.5Oo8NoqQYfkVgam','2026-05-15 15:25:05.000','tester_1778829905081','/analytics','U000011','tester_1778829905081','active','1.0000','1.0000','discount','discount',NULL,NULL),(12,'home_1778829933416','$2b$10$PpOVqfAqTUAFG1ep1ZK4oeTgWuYru/yGJy4X8d.yZtI96bmZteAIO','2026-05-15 15:25:33.000','home_1778829933416','/analytics','U000012','home_1778829933416','active','1.0000','1.0000','discount','discount',NULL,NULL),(13,'tester_1778830894169','$2b$10$C.JKxxWapQ99pDx0DEE0Ne8EvSoZrF.aogZmLSobYbR32s6R6cH/u','2026-05-15 15:41:34.000','tester_1778830894169','/analytics','U000013','tester_1778830894169','active','1.0000','1.0000','discount','discount',NULL,NULL),(14,'tester_1778830992940','$2b$10$fE.0wFf84bsbTPzpFelqCOe5yPIVmo2V/G7Ob7T7A6rHOYT/bkMUm','2026-05-15 15:43:12.000','tester_1778830992940','/analytics','U000014','tester_1778830992940','active','1.0000','1.0000','discount','discount',NULL,NULL),(35,'tester_1778832367334','$2b$10$Z3psDnkEIAH06fUWaAFWoO5lU4ZMg/VpoS5TXmSi5m8eFw2YwDofu','2026-05-15 16:06:07.000','tester_1778832367334','/analytics','U000035','tester_1778832367334','active','1.0000','1.0000','discount','discount',NULL,NULL),(72,'tester_1778832626720','$2b$10$nfpng1wpBuer57tKx4r76usJqmjLvrLMJpvAI/gbT3p2o.frnuUb.','2026-05-15 16:10:26.000','tester_1778832626720','/analytics','U000072','tester_1778832626720','active','1.0000','1.0000','discount','discount',NULL,NULL),(105,'tester_1778833384328','$2b$10$NO8b24sJa/TcpcZgRlsATewrL4RSKlvgN44K4ihlRSMNdl1Bp6RHy','2026-05-15 16:23:04.000','tester_1778833384328','/analytics','U000105','tester_1778833384328','active','1.0000','1.0000','discount','discount',NULL,NULL),(110,'menu_1778833416422','$2b$10$hsQOooJItnO5J2XyDVqnAurW8RalCQJDyfD./o6uW9/Rpvj5StZRG','2026-05-15 16:23:36.000','menu_1778833416422','/analytics','U000110','menu_1778833416422','active','1.0000','1.0000','discount','discount',NULL,NULL),(123,'tester_1778833513240','$2b$10$CJ9owc5WzGXKlcqPfuodROjrIwV9qYjjCCBiB9h9yzwPWoiYIfl8.','2026-05-15 16:25:13.000','tester_1778833513240','/analytics','U000123','tester_1778833513240','active','1.0000','1.0000','discount','discount',NULL,NULL),(136,'tester_1778833541649','$2b$10$5HJjWNcxjIH51OCSAXpv7.EvmqisuzTUtiqeIUEga4/bdetcix95O','2026-05-15 16:25:41.000','tester_1778833541649','/analytics','U000136','tester_1778833541649','active','1.0000','1.0000','discount','discount',NULL,NULL),(161,'tester_1778833810995','$2b$10$g.Dv3vtQZsE06OIFZC4EZe20Oi6cJ9YILRWTPb9lcFO56PHb/0B9q','2026-05-15 16:30:11.000','tester_1778833810995','/analytics','U000161','tester_1778833810995','active','1.0000','1.0000','discount','discount',NULL,NULL),(194,'tester_1778834122448','$2b$10$gWPadmm8d8dmW1pTN0XhJuPdVfbQBe7jHk0gSya2lCtigsQdjoG0K','2026-05-15 16:35:22.000','tester_1778834122448','/analytics','U000194','tester_1778834122448','active','1.0000','1.0000','discount','discount',NULL,NULL),(231,'tester_1778834604953','$2b$10$kJrDBEEi574T798QFPifsem/YZsqTorc0VQANpDdBVZpjJx8wRhxO','2026-05-15 16:43:25.000','tester_1778834604953','/analytics','U000231','tester_1778834604953','active','1.0000','1.0000','discount','discount',NULL,NULL),(312,'tester_1778835316303','$2b$10$ZYhZ1gm1FtjkTCoUahUCuOG/SPwK19Y1lI7VSnO8iEtGkR7soaATi','2026-05-15 16:55:16.000','tester_1778835316303','/analytics','U000312','tester_1778835316303','active','1.0000','1.0000','discount','discount',NULL,NULL),(321,'tester_1778835439241','$2b$10$MBu1TEZoKeDmX6.Qv4F6rujMkiZ7B0OGR/WHiG/9VIfU/yp2aICOG','2026-05-15 16:57:19.000','tester_1778835439241','/analytics','U000321','tester_1778835439241','active','1.0000','1.0000','discount','discount',NULL,NULL),(414,'tester_1778837193431','$2b$10$XJ5mCdNPW1FxPNbtb4tJT.Pt7yElKxJXhOwgfjk4B8bquIURzAbr2','2026-05-15 17:26:33.000','tester_1778837193431','/analytics','U000414','tester_1778837193431','active','1.0000','1.0000','discount','discount',NULL,NULL),(423,'tester_1778837300778','$2b$10$vcDsp2/XsVT5BKdBhDRuMOHnu81pq3RVD9YDC5JSPg8XAMSCcqvo2','2026-05-15 17:28:20.000','tester_1778837300778','/analytics','U000423','tester_1778837300778','active','1.0000','1.0000','discount','discount',NULL,NULL),(472,'tester_1778838550227','$2b$10$p3j/Rpqrh93IBWCOAkAKBeluvCT.qMmQpJN.D/yMQaf39EhExIVQ2','2026-05-15 17:49:10.000','tester_1778838550227','/analytics','U000472','tester_1778838550227','active','1.0000','1.0000','discount','discount',NULL,NULL),(513,'tester_1778838797014','$2b$10$nEpPLEnlDC1D4jOToMYAiOTgBTB40i5cG.hCPkmE1gc2/2ZeaWFTC','2026-05-15 17:53:17.000','tester_1778838797014','/analytics','U000513','tester_1778838797014','active','1.0000','1.0000','discount','discount',NULL,NULL),(538,'tester_1778839189971','$2b$10$2mRkEauWDaUVT7C8d3z92eBI6NFiGaXDK.IZedLflKhJ4oPd9QUuq','2026-05-15 17:59:50.000','tester_1778839189971','/analytics','U000538','tester_1778839189971','active','1.0000','1.0000','discount','discount',NULL,NULL),(575,'tester_1778839563568','$2b$10$NrzyphG7BrYsSbqklvG3x.rFLxdMqfS7uVJP9vDmwoqvgTREG9jIC','2026-05-15 18:06:03.000','tester_1778839563568','/analytics','U000575','tester_1778839563568','active','1.0000','1.0000','discount','discount',NULL,NULL),(636,'tester_1778839772861','$2b$10$ypos2TrfnznKsreEXq5RtuOsgmt.R7ba0DspUWffVijTcPPnUC01a','2026-05-15 18:09:32.000','tester_1778839772861','/analytics','U000636','tester_1778839772861','active','1.0000','1.0000','discount','discount',NULL,NULL),(685,'tester_1778840019588','$2b$10$KkyaDtS9PLJd2a8h/BEXI.haIwrcW49gwyT97BLUZY0CGPy7tt/OW','2026-05-15 18:13:39.000','tester_1778840019588','/analytics','U000685','tester_1778840019588','active','1.0000','1.0000','discount','discount',NULL,NULL),(726,'tester_1778840265298','$2b$10$7T/h.dDW2Q0QDO8xcINduu9.j1Bl82tuDOl8sxiRQMI04.6g6w6fS','2026-05-15 18:17:45.000','tester_1778840265298','/analytics','U000726','tester_1778840265298','active','1.0000','1.0000','discount','discount',NULL,NULL),(771,'tester_1778840429685','$2b$10$kzwoDF3ePFq0OMpHKjGyrO225DJpH/nacHHE6hOHec/bq8kW5lAuC','2026-05-15 18:20:29.000','tester_1778840429685','/analytics','U000771','tester_1778840429685','active','1.0000','1.0000','discount','discount',NULL,NULL),(1000,'normal_1778845511401','$2b$10$uZIO3QnLPGdOqzZEDiBTXO3jhw5vkR5.bZEwK0xaB0lNKb0A1cHLy','2026-05-15 19:45:11.000','normal_1778845511401','/analytics','U001000','normal_1778845511401','active','1.0000','1.0000','discount','discount',NULL,NULL),(1001,'target_1778845511482','$2b$10$tqXuBGK595NEzFiAHAm9AO4F5FJGMHr9NWEYn.fHZE8JZPehfzwDi','2026-05-15 19:45:11.000','target_1778845511482','/analytics','U001001','target_1778845511482','active','1.0000','1.0000','discount','discount',NULL,NULL),(1002,'normal_1778845555772','$2b$10$9SLZJfxtRZZTspsqez71a.t3rrUB47SJ8RdhTWmaPOed.EasDxHie','2026-05-15 19:45:55.000','normal_1778845555772','/analytics','U001002','normal_1778845555772','active','1.0000','1.0000','discount','discount',NULL,NULL),(1003,'target_1778845555850','$2b$10$DZuXhyvNQ.gif1USYifREucbVQXqZASifh0rlB0y7YpqcEmUK4A2y','2026-05-15 19:45:55.000','target_1778845555850','/analytics','U001003','target_1778845555850','active','1.0000','1.0000','discount','discount',NULL,NULL),(1004,'tester_1778845717870','$2b$10$EUONUzwPfAgSn5rUdsbjzu2GkI3FbFvSz.GeCB6XoqmjslLHIFKdW','2026-05-15 19:48:37.000','tester_1778845717870','/analytics','U001004','tester_1778845717870','active','1.0000','1.0000','discount','discount',NULL,NULL),(1005,'normal_1778845719076','$2b$10$Wh1jN7mSefOTmGdWpuIiq.foqStUQ8Ir3dlEfJUXqiWyh.QSo2XoK','2026-05-15 19:48:39.000','normal_1778845719076','/analytics','U001005','normal_1778845719076','active','1.0000','1.0000','discount','discount',NULL,NULL),(1006,'target_1778845719145','$2b$10$WMGzqnBwEfXgZgFuXiC0nO3pxYp0634D/JSyqAoVMe9G1f70I9opq','2026-05-15 19:48:39.000','target_1778845719145','/analytics','U001006','target_1778845719145','active','1.0000','1.0000','discount','discount',NULL,NULL),(1007,'tester_1778846900386','$2b$10$mBf462cfu4/RlJzY9FjdrujkLFPKuz1v3ye5eAce9rWChryeJc18S','2026-05-15 20:08:20.000','tester_1778846900386','/analytics','U001007','tester_1778846900386','active','1.0000','1.0000','discount','discount',NULL,NULL),(1008,'normal_1778846901615','$2b$10$SRrh55jhxb8wadzp4i.gSuAgD7EDacYy.Hxy5BQtqyVdEBbsCMJpS','2026-05-15 20:08:21.000','normal_1778846901615','/analytics','U001008','normal_1778846901615','active','1.0000','1.0000','discount','discount',NULL,NULL),(1009,'target_1778846901685','$2b$10$U.29w9mVSMU576nDEbFjsea72t6cw41tkg8JR3djDFgyTx0akDPUe','2026-05-15 20:08:21.000','target_1778846901685','/analytics','U001009','target_1778846901685','active','1.0000','1.0000','discount','discount',NULL,NULL),(1010,'disabled_1778846901756','$2b$10$RkWvmM0O0dWXtn4L6Q50PesQRaEVcpt.Ui2.u7Y58HEmk31zLur5G','2026-05-15 20:08:21.000','disabled_1778846901756','/analytics','U001010','disabled_1778846901756','disabled','1.0000','1.0000','discount','discount',NULL,NULL),(1011,'tester_1778847334476','$2b$10$6ynVGIbCnbP0HEArfOOdVurdg2vKnljA..emjFgOTcdumqYxJ1l6.','2026-05-15 20:15:34.000','tester_1778847334476','/analytics','U001011','tester_1778847334476','active','1.0000','1.0000','discount','discount',NULL,NULL),(1012,'normal_1778847335773','$2b$10$FRnhLp0O30hg08ELTWNKV.7ZzABfzTjcBUxkeEmrV7BBcSFysdPAm','2026-05-15 20:15:35.000','normal_1778847335773','/analytics','U001012','normal_1778847335773','active','1.0000','1.0000','discount','discount',NULL,NULL),(1013,'target_1778847335844','$2b$10$eJeBRJFfnMHXvS.mhY2.P.iAHPuKF0BDYooE2FnuvNvCuB1qQsX5q','2026-05-15 20:15:35.000','target_1778847335844','/analytics','U001013','target_1778847335844','active','1.0000','1.0000','discount','discount',NULL,NULL),(1014,'disabled_1778847335919','$2b$10$iKmAPpjXIiBZTpbvy3K3oOwMoke0xR/vtIvCVf5Mcrqeo2Myr1mSi','2026-05-15 20:15:35.000','disabled_1778847335919','/analytics','U001014','disabled_1778847335919','disabled','1.0000','1.0000','discount','discount',NULL,NULL),(1015,'discount_1778847336046','$2b$10$JdrouSjF/DiLibSZ4ti1POzTbKQ29tdC5.ZvOFoX33S9cxrEDkJ6.','2026-05-15 20:15:36.000','discount_1778847336046','/analytics','U001015','discount_1778847336046','active','0.5000','0.8000','discount','discount',NULL,NULL),(1016,'tester_1778847715072','$2b$10$OgRr6GTPjw01maTMzff/ke7b.r4t14c22kdP/9NiknB/L6pkH5ibe','2026-05-15 20:21:55.000','tester_1778847715072','/analytics','U001016','tester_1778847715072','active','1.0000','1.0000','discount','discount',NULL,NULL),(1017,'normal_1778853218362','$2b$10$zS5gcBGxnNWqYXOzyZjNBedHLGwIB75eqa2DBz7gUg4N0XkfUATAa','2026-05-15 21:53:38.000','normal_1778853218362','/analytics','U001017','normal_1778853218362','active','1.0000','1.0000','discount','discount',NULL,NULL),(1018,'target_1778853218437','$2b$10$jRjAAzPaVQTalqzfmfy8deuGH/6/FQGhCVrP8HzqNmNXA8AlWDcau','2026-05-15 21:53:38.000','target_1778853218437','/analytics','U001018','target_1778853218437','active','1.0000','1.0000','discount','discount',NULL,NULL),(1019,'disabled_1778853218508','$2b$10$at/JMBHe46LpwUiyFkaS.uW9lApQIH/v2OaS.zSx2DKjq4rL0ZfMG','2026-05-15 21:53:38.000','disabled_1778853218508','/analytics','U001019','disabled_1778853218508','disabled','1.0000','1.0000','discount','discount',NULL,NULL),(1020,'discount_1778853218623','$2b$10$qkyf.DhNV/8Uv0n0lmIAfe5dlTxeShEP2e.u.86TRvUIIdv8vCEs.','2026-05-15 21:53:38.000','discount_1778853218623','/analytics','U001020','discount_1778853218623','active','0.5000','0.8000','discount','discount',NULL,NULL),(1021,'normal_1778853619873','$2b$10$O858FNj3V4/SrIml9.htr.egJ6S6xnm.PYdY6Zppdu8fITw6i/Jr2','2026-05-15 22:00:19.000','normal_1778853619873','/analytics','U001021','normal_1778853619873','active','1.0000','1.0000','discount','discount',NULL,NULL),(1022,'target_1778853619949','$2b$10$WQajvjL84qnwG0YQMUjolOgSdCDpthF/S5y/lPekyBDsFgTFrsXOy','2026-05-15 22:00:19.000','target_1778853619949','/analytics','U001022','target_1778853619949','active','1.0000','1.0000','discount','discount',NULL,NULL),(1023,'disabled_1778853620021','$2b$10$2kZUocgjv9/nBj3AuXNIEeN0HpjwmCSr1DayDUROh8TQZkH/qtlDG','2026-05-15 22:00:20.000','disabled_1778853620021','/analytics','U001023','disabled_1778853620021','disabled','1.0000','1.0000','discount','discount',NULL,NULL),(1024,'discount_1778853620141','$2b$10$it/1o1bEL4jVNVNlBy0.4ugTDxwN0waGwwIbqMS5nIuLgKWk9Vroi','2026-05-15 22:00:20.000','discount_1778853620141','/analytics','U001024','discount_1778853620141','active','0.5000','0.8000','discount','discount',NULL,NULL),(1025,'normal_1778854161263','$2b$10$Z65N1/Qkemha/WY3Qxpci.qwZ/ycwmZRsOP1DJWHD2Ra6BW.1f6G.','2026-05-15 22:09:21.000','normal_1778854161263','/analytics','U001025','normal_1778854161263','active','1.0000','1.0000','discount','discount',NULL,NULL),(1026,'target_1778854161339','$2b$10$ruVqiP4PSrTsAzuja8nIcO1Qs32x0WjlpoFmmrmojeFBVZnwlQmBO','2026-05-15 22:09:21.000','target_1778854161339','/analytics','U001026','target_1778854161339','active','1.0000','1.0000','discount','discount',NULL,NULL),(1027,'disabled_1778854161403','$2b$10$PEgNZQqzMLJeTGB51kfAFuHiE2DzDtNXg8BjzqoT/gSbcCbz6ITK2','2026-05-15 22:09:21.000','disabled_1778854161403','/analytics','U001027','disabled_1778854161403','disabled','1.0000','1.0000','discount','discount',NULL,NULL),(1028,'discount_1778854161513','$2b$10$dycTfW/hhwzUF.mzcPQe8OzH7ZBDsNnSR61noYmGObvoQ5eRjv1v.','2026-05-15 22:09:21.000','discount_1778854161513','/analytics','U001028','discount_1778854161513','active','0.5000','0.8000','discount','discount',NULL,NULL),(1029,'normal_1778854245013','$2b$10$LfeMKlSPdIW76iP1RVAmzeiXOBVvL3RE.rTiIfjTtj/80Z5mKu/WW','2026-05-15 22:10:45.000','normal_1778854245013','/analytics','U001029','normal_1778854245013','active','1.0000','1.0000','discount','discount',NULL,NULL),(1030,'target_1778854245091','$2b$10$aDHh.jooXOK2Le2xiJRWTO.LJe1n35r66FojXVNw2S6S.5b4co.Aa','2026-05-15 22:10:45.000','target_1778854245091','/analytics','U001030','target_1778854245091','active','1.0000','1.0000','discount','discount',NULL,NULL),(1031,'disabled_1778854245159','$2b$10$dPvuJxZg9okIZSKim143JeHVlJbc/gOudp27orhuvWqI891W.dm7m','2026-05-15 22:10:45.000','disabled_1778854245159','/analytics','U001031','disabled_1778854245159','disabled','1.0000','1.0000','discount','discount',NULL,NULL),(1032,'discount_1778854245273','$2b$10$DF/i2jd7emOifD3q379/KOQb4E54vRBmXfHo595TjEE7/rJY2bdJe','2026-05-15 22:10:45.000','discount_1778854245273','/analytics','U001032','discount_1778854245273','active','0.5000','0.8000','discount','discount',NULL,NULL),(1033,'normal_1778854281488','$2b$10$.6MmMyaQmcMNFJbr1keobuWg4YztP2AhJ1hwKf2BV2lYFyAyl5k6m','2026-05-15 22:11:21.000','normal_1778854281488','/analytics','U001033','normal_1778854281488','active','1.0000','1.0000','discount','discount',NULL,NULL),(1034,'target_1778854281575','$2b$10$Y1jNJL198KsuApkYuPlDFuOJExrAJl5WeLxkkr8bea8Z3Bn58as86','2026-05-15 22:11:21.000','target_1778854281575','/analytics','U001034','target_1778854281575','active','1.0000','1.0000','discount','discount',NULL,NULL),(1035,'disabled_1778854281653','$2b$10$ESDGgLchi8AWEOlaYEkxMeH2apQ7mPSBq6.GVXfmlrGIdHPAAStVK','2026-05-15 22:11:21.000','disabled_1778854281653','/analytics','U001035','disabled_1778854281653','disabled','1.0000','1.0000','discount','discount',NULL,NULL),(1036,'discount_1778854281769','$2b$10$bZZoblazvxw1Hy5GGnpPlulqEsH7LuwWhGhDacWV3.uEFO17IcTJG','2026-05-15 22:11:21.000','discount_1778854281769','/analytics','U001036','discount_1778854281769','active','0.5000','0.8000','discount','discount',NULL,NULL),(1069,'啊扬','$2b$10$LfGg0sG9nwOHnySezLchoeoOHN9hcy4ciZTZpZ6uQDENjchKVmT3i','2026-05-16 11:19:47.000','啊扬','/analytics','U001069','啊扬','active','1.0000','1.0000','discount','discount',NULL,NULL),(1070,'normal_1778909384531','$2b$10$8XwPHlwgshoqhnU6N0rENusPwOJbu1ff9vdCmZLpERZziRVPIlqfq','2026-05-16 13:29:44.000','normal_1778909384531','/analytics','U001070','normal_1778909384531','active','1.0000','1.0000','discount','discount',NULL,NULL),(1071,'target_1778909384618','$2b$10$fuxQ2n/PoAmKuDNmZ1fzYu/8Yada.Bo1f53S51PikGxGhy/3RTG5e','2026-05-16 13:29:44.000','target_1778909384618','/analytics','U001071','target_1778909384618','active','1.0000','1.0000','discount','discount',NULL,NULL),(1072,'disabled_1778909384692','$2b$10$30rg07n9n54TPvOSY1cRmuCYcA9AfpVl/pbVhP9FlOznL67torCb6','2026-05-16 13:29:44.000','disabled_1778909384692','/analytics','U001072','disabled_1778909384692','disabled','1.0000','1.0000','discount','discount',NULL,NULL),(1073,'discount_1778909384816','$2b$10$9MqJwcbuTLHHc2JS.5DTLuANLRfpdkEb5eUzpCR32iaEEPrCBQeKm','2026-05-16 13:29:44.000','discount_1778909384816','/analytics','U001073','discount_1778909384816','active','0.5000','0.8000','discount','discount',NULL,NULL),(1078,'tester_1778909388273','$2b$10$zsJnoJfurxJQUH802bDPue10ccPkFehcUg2GMt6UU5UAg2MmyQoRm','2026-05-16 13:29:48.000','tester_1778909388273','/analytics','U001078','tester_1778909388273','active','1.0000','1.0000','discount','discount',NULL,NULL),(1083,'normal_1778909469425','$2b$10$4qA7EUetu6RHRUHnKrNxQuheWF1B1SEn1FKw/6l4DBqFvXulP2SHu','2026-05-16 13:31:09.000','normal_1778909469425','/analytics','U001083','normal_1778909469425','active','1.0000','1.0000','discount','discount',NULL,NULL),(1084,'target_1778909469513','$2b$10$rWZ4D00BVSl.3QlchN89qOcez9F9c21HInCF6Kg9FJq2bAMxubhfq','2026-05-16 13:31:09.000','target_1778909469513','/analytics','U001084','target_1778909469513','active','1.0000','1.0000','discount','discount',NULL,NULL),(1085,'disabled_1778909469584','$2b$10$HmNnIT9xxadtQMzVEWYwz.zYszCrBIDLoSWC.MdE6t9VWhi3XlPfC','2026-05-16 13:31:09.000','disabled_1778909469584','/analytics','U001085','disabled_1778909469584','disabled','1.0000','1.0000','discount','discount',NULL,NULL),(1086,'discount_1778909469692','$2b$10$uW64R9Jew2fblSMdU3m7oepQSoYU3H1QO2/wDd8wjz7ypmYN7IZha','2026-05-16 13:31:09.000','discount_1778909469692','/analytics','U001086','discount_1778909469692','active','0.5000','0.8000','discount','discount',NULL,NULL),(1087,'tester_1778909470638','$2b$10$fazS19RDck2gSmHBh1oxa.rmmzIJ5i.JifEFuSnKH.SzVxpR3aNmK','2026-05-16 13:31:10.000','tester_1778909470638','/analytics','U001087','tester_1778909470638','active','1.0000','1.0000','discount','discount',NULL,NULL),(1092,'normal_1778909582075','$2b$10$DVF8rG6bXyCO5W12tlgkiuN2ODrd3tkjjWIRuU2L56HDOaan5Ck0C','2026-05-16 13:33:02.000','normal_1778909582075','/analytics','U001092','normal_1778909582075','active','1.0000','1.0000','discount','discount',NULL,NULL),(1093,'target_1778909582146','$2b$10$UY.3GHngOAiotc8UbjlVre/snwRw7bZI7C30KS22663VbYOL1XC82','2026-05-16 13:33:02.000','target_1778909582146','/analytics','U001093','target_1778909582146','active','1.0000','1.0000','discount','discount',NULL,NULL),(1094,'disabled_1778909582217','$2b$10$FAIXmWaclg4W0H6ZtjjXI.QEX8kOFfpmbWHbLeb5ULZTJFkGbhCiO','2026-05-16 13:33:02.000','disabled_1778909582217','/analytics','U001094','disabled_1778909582217','disabled','1.0000','1.0000','discount','discount',NULL,NULL),(1095,'discount_1778909582329','$2b$10$8o4ldfq2P7EoqTBlprx4y.CuZQz0gRSnO8RfZaSBM6j.Bmv42xfmi','2026-05-16 13:33:02.000','discount_1778909582329','/analytics','U001095','discount_1778909582329','active','0.5000','0.8000','discount','discount',NULL,NULL),(1096,'tester_1778909583301','$2b$10$8ijdj0.S7WsRckdgy6IX0ekbhvro5DypJF6lFtEg8V55zq1htogRa','2026-05-16 13:33:03.000','tester_1778909583301','/analytics','U001096','tester_1778909583301','active','1.0000','1.0000','discount','discount',NULL,NULL),(1105,'normal_1778909776473','$2b$10$stduQISo/ixij/h4h5c5VeX4dSyAMWd1jgTjgD6xv6GtsJEf2j3tG','2026-05-16 13:36:16.000','normal_1778909776473','/analytics','U001105','normal_1778909776473','active','1.0000','1.0000','discount','discount',NULL,NULL),(1106,'target_1778909776545','$2b$10$zsSK2v8bNSAGmvAH5A.CAeLapFwwt/x6UQY1vmgRygzYC/7sXwzAC','2026-05-16 13:36:16.000','target_1778909776545','/analytics','U001106','target_1778909776545','active','1.0000','1.0000','discount','discount',NULL,NULL),(1107,'disabled_1778909776615','$2b$10$H7UBTTeVdPziaURi2GHxF.HKGKAQy8H89Y2VZO.ds85pC.iSTV8AS','2026-05-16 13:36:16.000','disabled_1778909776615','/analytics','U001107','disabled_1778909776615','disabled','1.0000','1.0000','discount','discount',NULL,NULL),(1108,'discount_1778909776725','$2b$10$4sijHqTYLosotOyn16c/Fe4zG/HlJZExVWqEzvWjJM4PD5rCD8OOq','2026-05-16 13:36:16.000','discount_1778909776725','/analytics','U001108','discount_1778909776725','active','0.5000','0.8000','discount','discount',NULL,NULL),(1109,'tester_1778909777722','$2b$10$.psVkiuwJ.C4Pv0jrSl8ieFk5Gct5A/safptbU44z51g108ek3jfW','2026-05-16 13:36:17.000','tester_1778909777722','/analytics','U001109','tester_1778909777722','active','1.0000','1.0000','discount','discount',NULL,NULL);
DROP TABLE IF EXISTS `xhs_query_accounts`;
CREATE TABLE `xhs_query_accounts` (
  `id` bigint unsigned NOT NULL AUTO_INCREMENT COMMENT '主键ID',
  `account_no` varchar(40) NOT NULL COMMENT '账号业务编号',
  `account_name` varchar(64) NOT NULL COMMENT '账号备注名称',
  `login_identifier` varchar(128) DEFAULT NULL COMMENT '登录标识',
  `sid_encrypted` text NOT NULL COMMENT '加密后的 SID',
  `cookie_encrypted` longtext COMMENT '加密后的 Cookie',
  `user_agent` varchar(512) DEFAULT NULL COMMENT '请求 User-Agent',
  `proxy_url` varchar(512) DEFAULT NULL COMMENT '代理地址',
  `status` varchar(32) NOT NULL DEFAULT 'active' COMMENT '账号状态',
  `enabled` tinyint(1) NOT NULL DEFAULT '1' COMMENT '是否启用',
  `last_used_at` datetime DEFAULT NULL COMMENT '最近使用时间',
  `next_available_at` datetime DEFAULT NULL COMMENT '下次可用时间',
  `last_success_at` datetime DEFAULT NULL COMMENT '最近成功时间',
  `last_failure_at` datetime DEFAULT NULL COMMENT '最近失败时间',
  `consecutive_failures` int unsigned NOT NULL DEFAULT '0' COMMENT '连续失败次数',
  `success_count` int unsigned NOT NULL DEFAULT '0' COMMENT '成功次数',
  `failure_count` int unsigned NOT NULL DEFAULT '0' COMMENT '失败次数',
  `risk_level` varchar(32) NOT NULL DEFAULT 'normal' COMMENT '风险等级',
  `last_error_code` varchar(64) DEFAULT NULL COMMENT '最近错误编码',
  `last_error_message` varchar(255) DEFAULT NULL COMMENT '最近错误说明',
  `remark` varchar(255) DEFAULT NULL COMMENT '备注',
  `deleted_at` datetime DEFAULT NULL COMMENT '软删除时间',
  `created_at` datetime NOT NULL DEFAULT CURRENT_TIMESTAMP COMMENT '创建时间',
  `updated_at` datetime NOT NULL DEFAULT CURRENT_TIMESTAMP ON UPDATE CURRENT_TIMESTAMP COMMENT '更新时间',
  PRIMARY KEY (`id`),
  UNIQUE KEY `uk_xhs_query_accounts_account_no` (`account_no`),
  KEY `idx_xhs_query_accounts_status_enabled` (`status`,`enabled`),
  KEY `idx_xhs_query_accounts_next_available_at` (`next_available_at`),
  KEY `idx_xhs_query_accounts_last_used_at` (`last_used_at`),
  KEY `idx_xhs_query_accounts_deleted_at` (`deleted_at`)
) ENGINE=InnoDB AUTO_INCREMENT=1525 DEFAULT CHARSET=utf8mb4 COLLATE=utf8mb4_0900_ai_ci COMMENT='小红书查询账号池表';
SET FOREIGN_KEY_CHECKS=1;