-- Backup before rollback 2026-05-16T14:15:38.140Z
CREATE DATABASE IF NOT EXISTS `goosd_admin`;
USE `goosd_admin`;
SET FOREIGN_KEY_CHECKS=0;
DROP TABLE IF EXISTS `account_records`;
CREATE TABLE `account_records` (
  `id` bigint unsigned NOT NULL AUTO_INCREMENT COMMENT '主键ID',
  `record_no` varchar(40) NOT NULL COMMENT '流水编号',
  `user_id` bigint unsigned NOT NULL COMMENT '用户ID',
  `record_type` varchar(32) NOT NULL COMMENT '流水类型',
  `direction` varchar(16) NOT NULL COMMENT '资金方向',
  `order_id` bigint unsigned DEFAULT NULL COMMENT '关联订单ID',
  `order_no` varchar(40) DEFAULT NULL COMMENT '关联订单编号',
  `related_record_id` bigint unsigned DEFAULT NULL COMMENT '关联原流水ID',
  `status` varchar(32) NOT NULL DEFAULT 'success' COMMENT '流水状态',
  `ordered_quantity` int unsigned DEFAULT NULL COMMENT '下单数量快照',
  `completed_quantity` int unsigned DEFAULT NULL COMMENT '完成数量快照',
  `refunded_quantity` int unsigned DEFAULT NULL COMMENT '退款数量快照',
  `original_unit_price` decimal(18,4) DEFAULT NULL COMMENT '原始单价',
  `original_total_amount` decimal(18,4) DEFAULT NULL COMMENT '原价总金额',
  `discount_rate` decimal(10,4) DEFAULT NULL COMMENT '折扣率',
  `discounted_unit_price` decimal(18,4) DEFAULT NULL COMMENT '折后单价',
  `discount_amount` decimal(18,4) DEFAULT NULL COMMENT '优惠金额',
  `payable_amount` decimal(18,4) DEFAULT NULL COMMENT '应付金额',
  `actual_paid_amount` decimal(18,4) DEFAULT NULL COMMENT '实际支付金额',
  `refund_amount` decimal(18,4) DEFAULT NULL COMMENT '退款金额',
  `net_amount` decimal(18,4) NOT NULL DEFAULT '0.0000' COMMENT '本次净变动金额',
  `before_available_amount` decimal(18,4) NOT NULL DEFAULT '0.0000' COMMENT '变更前可用余额',
  `after_available_amount` decimal(18,4) NOT NULL DEFAULT '0.0000' COMMENT '变更后可用余额',
  `reason_code` varchar(64) DEFAULT NULL COMMENT '原因编码',
  `reason_message` varchar(255) DEFAULT NULL COMMENT '原因说明',
  `remark` varchar(255) DEFAULT NULL COMMENT '备注',
  `calc_snapshot` json DEFAULT NULL COMMENT '计费或退款计算快照',
  `created_at` datetime NOT NULL DEFAULT CURRENT_TIMESTAMP COMMENT '创建时间',
  `updated_at` datetime NOT NULL DEFAULT CURRENT_TIMESTAMP ON UPDATE CURRENT_TIMESTAMP COMMENT '更新时间',
  PRIMARY KEY (`id`),
  UNIQUE KEY `uk_account_records_record_no` (`record_no`),
  KEY `idx_account_records_user_created_at` (`user_id`,`created_at`),
  KEY `idx_account_records_order_id` (`order_id`),
  KEY `idx_account_records_record_type_status` (`record_type`,`status`),
  KEY `idx_account_records_related_record_id` (`related_record_id`)
) ENGINE=InnoDB AUTO_INCREMENT=973 DEFAULT CHARSET=utf8mb4 COLLATE=utf8mb4_0900_ai_ci COMMENT='账户流水记录表';
INSERT INTO `account_records` (`id`,`record_no`,`user_id`,`record_type`,`direction`,`order_id`,`order_no`,`related_record_id`,`status`,`ordered_quantity`,`completed_quantity`,`refunded_quantity`,`original_unit_price`,`original_total_amount`,`discount_rate`,`discounted_unit_price`,`discount_amount`,`payable_amount`,`actual_paid_amount`,`refund_amount`,`net_amount`,`before_available_amount`,`after_available_amount`,`reason_code`,`reason_message`,`remark`,`calc_snapshot`,`created_at`,`updated_at`) VALUES (1,'REC-1778930713227-001',1,'order_charge','debit',1,'ORDER-1778930713227-001',NULL,'success',200,NULL,NULL,'30.0000','30.0000','1.0000','30.0000','0.0000','30.0000','30.0000',NULL,'-30.0000','10000.0000','9970.0000',NULL,'批量下单扣费',NULL,NULL,'2026-05-16 19:25:13.000','2026-05-16 19:25:13.000'),(2,'REC-1778930713228-002',1,'order_charge','debit',2,'ORDER-1778930713228-002',NULL,'success',100,NULL,NULL,'30.0000','30.0000','1.0000','30.0000','0.0000','30.0000','30.0000',NULL,'-30.0000','9970.0000','9940.0000',NULL,'批量下单扣费',NULL,NULL,'2026-05-16 19:25:13.000','2026-05-16 19:25:13.000'),(3,'REC-1778930738456-001',1,'order_charge','debit',3,'ORDER-1778930738456-001',NULL,'success',1000,NULL,NULL,'30.0000','30.0000','1.0000','30.0000','0.0000','30.0000','30.0000',NULL,'-30.0000','9940.0000','9910.0000',NULL,'批量下单扣费',NULL,NULL,'2026-05-16 19:25:38.000','2026-05-16 19:25:38.000'),(4,'REC-1778930738456-002',1,'order_charge','debit',4,'ORDER-1778930738456-002',NULL,'success',2000,NULL,NULL,'30.0000','30.0000','1.0000','30.0000','0.0000','30.0000','30.0000',NULL,'-30.0000','9910.0000','9880.0000',NULL,'批量下单扣费',NULL,NULL,'2026-05-16 19:25:38.000','2026-05-16 19:25:38.000'),(5,'REC-1778930738456-003',1,'order_charge','debit',5,'ORDER-1778930738456-003',NULL,'success',500,NULL,NULL,'30.0000','30.0000','1.0000','30.0000','0.0000','30.0000','30.0000',NULL,'-30.0000','9880.0000','9850.0000',NULL,'批量下单扣费',NULL,NULL,'2026-05-16 19:25:38.000','2026-05-16 19:25:38.000'),(6,'REFUND-1778930780414-005',1,'refund','credit',5,'ORDER-1778930738456-003',5,'success',500,0,500,'30.0000','30.0000','1.0000','30.0000','0.0000','30.0000','0.0000','30.0000','30.0000','9850.0000','9880.0000',NULL,'退款审核通过','管理员审核通过',NULL,'2026-05-16 19:26:20.000','2026-05-16 19:26:20.000'),(7,'REFUND-1778930783855-004',1,'refund','credit',4,'ORDER-1778930738456-002',4,'success',2000,0,2000,'30.0000','30.0000','1.0000','30.0000','0.0000','30.0000','0.0000','30.0000','30.0000','9880.0000','9910.0000',NULL,'退款审核通过','管理员审核通过',NULL,'2026-05-16 19:26:24.000','2026-05-16 19:26:24.000'),(8,'REFUND-1778930786412-003',1,'refund','credit',3,'ORDER-1778930738456-001',3,'success',1000,0,1000,'30.0000','30.0000','1.0000','30.0000','0.0000','30.0000','0.0000','30.0000','30.0000','9910.0000','9940.0000',NULL,'退款审核通过','管理员审核通过',NULL,'2026-05-16 19:26:26.000','2026-05-16 19:26:26.000'),(9,'REC-1778930812778-001',1,'order_charge','debit',6,'ORDER-1778930812778-001',NULL,'success',200,NULL,NULL,'30.0000','30.0000','1.0000','30.0000','0.0000','30.0000','30.0000',NULL,'-30.0000','9940.0000','9910.0000',NULL,'批量下单扣费',NULL,NULL,'2026-05-16 19:26:53.000','2026-05-16 19:26:53.000'),(10,'REC-1778930812779-002',1,'order_charge','debit',7,'ORDER-1778930812779-002',NULL,'success',200,NULL,NULL,'30.0000','30.0000','1.0000','30.0000','0.0000','30.0000','30.0000',NULL,'-30.0000','9910.0000','9880.0000',NULL,'批量下单扣费',NULL,NULL,'2026-05-16 19:26:53.000','2026-05-16 19:26:53.000'),(11,'REC-1778930812779-003',1,'order_charge','debit',8,'ORDER-1778930812779-003',NULL,'success',200,NULL,NULL,'30.0000','30.0000','1.0000','30.0000','0.0000','30.0000','30.0000',NULL,'-30.0000','9880.0000','9850.0000',NULL,'批量下单扣费',NULL,NULL,'2026-05-16 19:26:53.000','2026-05-16 19:26:53.000'),(12,'REC-1778930854950-001',1,'order_charge','debit',9,'ORDER-1778930854950-001',NULL,'success',200,NULL,NULL,'30.0000','30.0000','1.0000','30.0000','0.0000','30.0000','30.0000',NULL,'-30.0000','9850.0000','9820.0000',NULL,'批量下单扣费',NULL,NULL,'2026-05-16 19:27:35.000','2026-05-16 19:27:35.000'),(13,'REC-1778930854951-002',1,'order_charge','debit',10,'ORDER-1778930854950-002',NULL,'success',200,NULL,NULL,'30.0000','30.0000','1.0000','30.0000','0.0000','30.0000','30.0000',NULL,'-30.0000','9820.0000','9790.0000',NULL,'批量下单扣费',NULL,NULL,'2026-05-16 19:27:35.000','2026-05-16 19:27:35.000'),(14,'REC-1778930854951-003',1,'order_charge','debit',11,'ORDER-1778930854951-003',NULL,'success',200,NULL,NULL,'30.0000','30.0000','1.0000','30.0000','0.0000','30.0000','30.0000',NULL,'-30.0000','9790.0000','9760.0000',NULL,'批量下单扣费',NULL,NULL,'2026-05-16 19:27:35.000','2026-05-16 19:27:35.000'),(15,'REFUND-1778930874647-006',1,'refund','credit',6,'ORDER-1778930812778-001',9,'success',200,0,200,'30.0000','30.0000','1.0000','30.0000','0.0000','30.0000','0.0000','30.0000','30.0000','9760.0000','9790.0000',NULL,'退款审核通过','管理员审核通过',NULL,'2026-05-16 19:27:54.000','2026-05-16 19:27:54.000'),(16,'REFUND-1778930876617-007',1,'refund','credit',7,'ORDER-1778930812779-002',10,'success',200,0,200,'30.0000','30.0000','1.0000','30.0000','0.0000','30.0000','0.0000','30.0000','30.0000','9790.0000','9820.0000',NULL,'退款审核通过','管理员审核通过',NULL,'2026-05-16 19:27:56.000','2026-05-16 19:27:56.000'),(17,'REFUND-1778930879288-008',1,'refund','credit',8,'ORDER-1778930812779-003',11,'success',200,0,200,'30.0000','30.0000','1.0000','30.0000','0.0000','30.0000','0.0000','30.0000','30.0000','9820.0000','9850.0000',NULL,'退款审核通过','管理员审核通过',NULL,'2026-05-16 19:27:59.000','2026-05-16 19:27:59.000'),(250,'REC-1778936792164-001',1,'order_charge','debit',247,'ORDER-1778936792164-001',NULL,'success',1000,NULL,NULL,'30.0000','30.0000','1.0000','30.0000','0.0000','30.0000','30.0000',NULL,'-30.0000','10000.0000','9970.0000',NULL,'批量下单扣费',NULL,NULL,'2026-05-16 21:06:32.000','2026-05-16 21:06:32.000'),(251,'REC-1778936792165-002',1,'order_charge','debit',248,'ORDER-1778936792165-002',NULL,'success',1000,NULL,NULL,'30.0000','30.0000','1.0000','30.0000','0.0000','30.0000','30.0000',NULL,'-30.0000','9970.0000','9940.0000',NULL,'批量下单扣费',NULL,NULL,'2026-05-16 21:06:32.000','2026-05-16 21:06:32.000'),(252,'REC-1778936792165-003',1,'order_charge','debit',249,'ORDER-1778936792165-003',NULL,'success',1000,NULL,NULL,'30.0000','30.0000','1.0000','30.0000','0.0000','30.0000','30.0000',NULL,'-30.0000','9940.0000','9910.0000',NULL,'批量下单扣费',NULL,NULL,'2026-05-16 21:06:32.000','2026-05-16 21:06:32.000'),(253,'REC-1778936792165-004',1,'order_charge','debit',250,'ORDER-1778936792165-004',NULL,'success',1000,NULL,NULL,'30.0000','30.0000','1.0000','30.0000','0.0000','30.0000','30.0000',NULL,'-30.0000','9910.0000','9880.0000',NULL,'批量下单扣费',NULL,NULL,'2026-05-16 21:06:32.000','2026-05-16 21:06:32.000'),(261,'REC-1778936814038-001',1,'order_charge','debit',251,'ORDER-1778936814038-001',NULL,'success',1000,NULL,NULL,'30.0000','30.0000','1.0000','30.0000','0.0000','30.0000','30.0000',NULL,'-30.0000','9880.0000','9850.0000',NULL,'批量下单扣费',NULL,NULL,'2026-05-16 21:06:54.000','2026-05-16 21:06:54.000'),(387,'REC-1778937475864-001',1,'order_charge','debit',389,'ORDER-1778937475864-001',NULL,'success',100,NULL,NULL,'30.0000','30.0000','1.0000','30.0000','0.0000','30.0000','30.0000',NULL,'-30.0000','10000.0000','9970.0000',NULL,'批量下单扣费',NULL,NULL,'2026-05-16 21:17:55.000','2026-05-16 21:17:55.000'),(388,'REC-1778937495252-001',1,'order_charge','debit',391,'ORDER-1778937495252-001',NULL,'success',100,NULL,NULL,'30.0000','30.0000','1.0000','30.0000','0.0000','30.0000','30.0000',NULL,'-30.0000','9970.0000','9940.0000',NULL,'批量下单扣费',NULL,NULL,'2026-05-16 21:18:15.000','2026-05-16 21:18:15.000'),(389,'REC-1778937502764-001',1,'order_charge','debit',392,'ORDER-1778937502764-001',NULL,'success',100,NULL,NULL,'10.0000','10.0000','1.0000','10.0000','0.0000','10.0000','10.0000',NULL,'-10.0000','9940.0000','9930.0000',NULL,'批量下单扣费',NULL,NULL,'2026-05-16 21:18:22.000','2026-05-16 21:18:22.000'),(560,'REC-1778938221224-001',1,'order_charge','debit',568,'ORDER-1778938221224-001',NULL,'success',50,NULL,NULL,'30.0000','30.0000','1.0000','30.0000','0.0000','30.0000','30.0000',NULL,'-30.0000','10000.0000','9970.0000',NULL,'批量下单扣费',NULL,NULL,'2026-05-16 21:30:21.000','2026-05-16 21:30:21.000'),(742,'REC-1778938897680-001',1,'order_charge','debit',755,'ORDER-1778938897680-001',NULL,'success',100,NULL,NULL,'30.0000','30.0000','1.0000','30.0000','0.0000','30.0000','30.0000',NULL,'-30.0000','10000.0000','9970.0000',NULL,'批量下单扣费',NULL,NULL,'2026-05-16 21:41:38.000','2026-05-16 21:41:38.000'),(805,'REC-1778939370263-001',1,'order_charge','debit',820,'ORDER-1778939370263-001',NULL,'success',20,NULL,NULL,'30.0000','30.0000','1.0000','30.0000','0.0000','30.0000','30.0000',NULL,'-30.0000','10000.0000','9970.0000',NULL,'批量下单扣费',NULL,NULL,'2026-05-16 21:49:30.000','2026-05-16 21:49:30.000'),(806,'REC-1778939474655-001',1,'order_charge','debit',821,'ORDER-1778939474655-001',NULL,'success',20,NULL,NULL,'30.0000','30.0000','1.0000','30.0000','0.0000','30.0000','30.0000',NULL,'-30.0000','9970.0000','9940.0000',NULL,'批量下单扣费',NULL,NULL,'2026-05-16 21:51:15.000','2026-05-16 21:51:15.000'),(838,'REC-1778939976113-001',1,'order_charge','debit',854,'ORDER-1778939976113-001',NULL,'success',10,NULL,NULL,'30.0000','30.0000','1.0000','30.0000','0.0000','30.0000','30.0000',NULL,'-30.0000','10000.0000','9970.0000',NULL,'批量下单扣费',NULL,NULL,'2026-05-16 21:59:36.000','2026-05-16 21:59:36.000'),(839,'REC-1778940017798-001',1,'order_charge','debit',855,'ORDER-1778940017798-001',NULL,'success',10,NULL,NULL,'30.0000','30.0000','1.0000','30.0000','0.0000','30.0000','30.0000',NULL,'-30.0000','9970.0000','9940.0000',NULL,'批量下单扣费',NULL,NULL,'2026-05-16 22:00:18.000','2026-05-16 22:00:18.000');
DROP TABLE IF EXISTS `balance_accounts`;
CREATE TABLE `balance_accounts` (
  `id` bigint unsigned NOT NULL AUTO_INCREMENT COMMENT '主键ID',
  `user_id` bigint unsigned NOT NULL COMMENT '用户ID',
  `available_amount` decimal(18,4) NOT NULL DEFAULT '0.0000' COMMENT '可用余额',
  `version` bigint unsigned NOT NULL DEFAULT '0' COMMENT '乐观锁版本号',
  `created_at` datetime NOT NULL DEFAULT CURRENT_TIMESTAMP COMMENT '创建时间',
  `updated_at` datetime NOT NULL DEFAULT CURRENT_TIMESTAMP ON UPDATE CURRENT_TIMESTAMP COMMENT '更新时间',
  PRIMARY KEY (`id`),
  UNIQUE KEY `uk_balance_accounts_user_id` (`user_id`)
) ENGINE=InnoDB AUTO_INCREMENT=3798 DEFAULT CHARSET=utf8mb4 COLLATE=utf8mb4_0900_ai_ci COMMENT='用户余额账户表';
INSERT INTO `balance_accounts` (`id`,`user_id`,`available_amount`,`version`,`created_at`,`updated_at`) VALUES (1,1,'10000.0000',0,'2026-05-15 15:40:24.000','2026-05-16 22:06:32.000'),(2,6,'0.0000',0,'2026-05-15 15:40:24.000','2026-05-15 15:40:24.000'),(3,9,'0.0000',0,'2026-05-15 15:40:24.000','2026-05-15 15:40:24.000'),(4,5,'0.0000',0,'2026-05-15 15:40:24.000','2026-05-15 15:40:24.000'),(5,12,'0.0000',0,'2026-05-15 15:40:24.000','2026-05-15 15:40:24.000'),(6,8,'0.0000',0,'2026-05-15 15:40:24.000','2026-05-15 15:40:24.000'),(7,3,'0.0000',0,'2026-05-15 15:40:24.000','2026-05-15 15:40:24.000'),(8,4,'0.0000',0,'2026-05-15 15:40:24.000','2026-05-15 15:40:24.000'),(9,7,'0.0000',0,'2026-05-15 15:40:24.000','2026-05-15 15:40:24.000'),(10,10,'0.0000',0,'2026-05-15 15:40:24.000','2026-05-15 15:40:24.000'),(11,11,'0.0000',0,'2026-05-15 15:40:24.000','2026-05-15 15:40:24.000'),(25,13,'0.0000',0,'2026-05-15 15:41:34.000','2026-05-15 15:41:34.000'),(33,14,'0.0000',0,'2026-05-15 15:43:13.000','2026-05-15 15:43:13.000'),(78,35,'0.0000',0,'2026-05-15 16:06:07.000','2026-05-15 16:06:07.000'),(124,72,'0.0000',0,'2026-05-15 16:10:26.000','2026-05-15 16:10:26.000'),(165,105,'0.0000',0,'2026-05-15 16:23:04.000','2026-05-15 16:23:04.000'),(171,110,'0.0000',0,'2026-05-15 16:23:36.000','2026-05-15 16:23:36.000'),(187,123,'0.0000',0,'2026-05-15 16:25:13.000','2026-05-15 16:25:13.000'),(203,136,'0.0000',0,'2026-05-15 16:25:41.000','2026-05-15 16:25:41.000'),(234,161,'0.0000',0,'2026-05-15 16:30:11.000','2026-05-15 16:30:11.000'),(275,194,'0.0000',0,'2026-05-15 16:35:22.000','2026-05-15 16:35:22.000'),(321,231,'0.0000',0,'2026-05-15 16:43:25.000','2026-05-15 16:43:25.000'),(422,312,'0.0000',0,'2026-05-15 16:55:16.000','2026-05-15 16:55:16.000'),(433,321,'0.0000',0,'2026-05-15 16:57:19.000','2026-05-15 16:57:19.000'),(549,414,'0.0000',0,'2026-05-15 17:26:33.000','2026-05-15 17:26:33.000'),(560,423,'0.0000',0,'2026-05-15 17:28:20.000','2026-05-15 17:28:20.000'),(622,472,'0.0000',0,'2026-05-15 17:49:10.000','2026-05-15 17:49:10.000'),(673,513,'0.0000',0,'2026-05-15 17:53:17.000','2026-05-15 17:53:17.000'),(704,538,'0.0000',0,'2026-05-15 17:59:50.000','2026-05-15 17:59:50.000'),(750,575,'0.0000',0,'2026-05-15 18:06:03.000','2026-05-15 18:06:03.000'),(826,636,'0.0000',0,'2026-05-15 18:09:32.000','2026-05-15 18:09:32.000'),(887,685,'0.0000',0,'2026-05-15 18:13:39.000','2026-05-15 18:13:39.000'),(938,726,'0.0000',0,'2026-05-15 18:17:45.000','2026-05-15 18:17:45.000'),(994,771,'0.0000',0,'2026-05-15 18:20:29.000','2026-05-15 18:20:29.000'),(1361,1000,'0.0000',0,'2026-05-15 19:45:11.000','2026-05-15 19:45:11.000'),(1362,1001,'0.0000',0,'2026-05-15 19:45:11.000','2026-05-15 19:45:11.000'),(1367,1002,'0.0000',0,'2026-05-15 19:45:55.000','2026-05-15 19:45:55.000'),(1368,1003,'0.0000',0,'2026-05-15 19:45:55.000','2026-05-15 19:45:55.000'),(1370,1004,'0.0000',0,'2026-05-15 19:48:37.000','2026-05-15 19:48:37.000'),(1372,1005,'0.0000',0,'2026-05-15 19:48:39.000','2026-05-15 19:48:39.000'),(1373,1006,'0.0000',0,'2026-05-15 19:48:39.000','2026-05-15 19:48:39.000'),(1390,1007,'0.0000',0,'2026-05-15 20:08:20.000','2026-05-15 20:08:20.000'),(1392,1008,'0.0000',0,'2026-05-15 20:08:21.000','2026-05-15 20:08:21.000'),(1393,1009,'0.0000',0,'2026-05-15 20:08:21.000','2026-05-15 20:08:21.000'),(1394,1010,'0.0000',0,'2026-05-15 20:08:21.000','2026-05-15 20:08:21.000'),(1417,1011,'0.0000',0,'2026-05-15 20:15:34.000','2026-05-15 20:15:34.000'),(1419,1012,'0.0000',0,'2026-05-15 20:15:35.000','2026-05-15 20:15:35.000'),(1420,1013,'0.0000',0,'2026-05-15 20:15:35.000','2026-05-15 20:15:35.000'),(1421,1014,'0.0000',0,'2026-05-15 20:15:35.000','2026-05-15 20:15:35.000'),(1422,1015,'0.0000',0,'2026-05-15 20:15:36.000','2026-05-15 20:15:36.000'),(1441,1016,'0.0000',0,'2026-05-15 20:21:55.000','2026-05-15 20:21:55.000'),(1509,1017,'0.0000',0,'2026-05-15 21:53:38.000','2026-05-15 21:53:38.000'),(1510,1018,'0.0000',0,'2026-05-15 21:53:38.000','2026-05-15 21:53:38.000'),(1511,1019,'0.0000',0,'2026-05-15 21:53:38.000','2026-05-15 21:53:38.000'),(1512,1020,'0.0000',0,'2026-05-15 21:53:38.000','2026-05-15 21:53:38.000'),(1523,1021,'0.0000',0,'2026-05-15 22:00:19.000','2026-05-15 22:00:19.000'),(1524,1022,'0.0000',0,'2026-05-15 22:00:19.000','2026-05-15 22:00:19.000'),(1525,1023,'0.0000',0,'2026-05-15 22:00:20.000','2026-05-15 22:00:20.000'),(1526,1024,'0.0000',0,'2026-05-15 22:00:20.000','2026-05-15 22:00:20.000'),(1537,1025,'0.0000',0,'2026-05-15 22:09:21.000','2026-05-15 22:09:21.000'),(1538,1026,'0.0000',0,'2026-05-15 22:09:21.000','2026-05-15 22:09:21.000'),(1539,1027,'0.0000',0,'2026-05-15 22:09:21.000','2026-05-15 22:09:21.000'),(1540,1028,'0.0000',0,'2026-05-15 22:09:21.000','2026-05-15 22:09:21.000'),(1554,1029,'0.0000',0,'2026-05-15 22:10:45.000','2026-05-15 22:10:45.000'),(1555,1030,'0.0000',0,'2026-05-15 22:10:45.000','2026-05-15 22:10:45.000'),(1556,1031,'0.0000',0,'2026-05-15 22:10:45.000','2026-05-15 22:10:45.000'),(1557,1032,'0.0000',0,'2026-05-15 22:10:45.000','2026-05-15 22:10:45.000'),(1562,1033,'0.0000',0,'2026-05-15 22:11:21.000','2026-05-15 22:11:21.000'),(1563,1034,'0.0000',0,'2026-05-15 22:11:21.000','2026-05-15 22:11:21.000'),(1564,1035,'0.0000',0,'2026-05-15 22:11:21.000','2026-05-15 22:11:21.000'),(1565,1036,'0.0000',0,'2026-05-15 22:11:21.000','2026-05-15 22:11:21.000'),(1812,1069,'0.0000',0,'2026-05-16 11:19:47.000','2026-05-16 11:19:47.000'),(1844,1070,'0.0000',0,'2026-05-16 13:29:44.000','2026-05-16 13:29:44.000'),(1845,1071,'0.0000',0,'2026-05-16 13:29:44.000','2026-05-16 13:29:44.000'),(1846,1072,'0.0000',0,'2026-05-16 13:29:44.000','2026-05-16 13:29:44.000'),(1847,1073,'0.0000',0,'2026-05-16 13:29:44.000','2026-05-16 13:29:44.000'),(1860,1078,'0.0000',0,'2026-05-16 13:29:48.000','2026-05-16 13:29:48.000'),(1884,1083,'0.0000',0,'2026-05-16 13:31:09.000','2026-05-16 13:31:09.000'),(1885,1084,'0.0000',0,'2026-05-16 13:31:09.000','2026-05-16 13:31:09.000'),(1886,1085,'0.0000',0,'2026-05-16 13:31:09.000','2026-05-16 13:31:09.000'),(1887,1086,'0.0000',0,'2026-05-16 13:31:09.000','2026-05-16 13:31:09.000'),(1889,1087,'0.0000',0,'2026-05-16 13:31:10.000','2026-05-16 13:31:10.000'),(1903,1092,'0.0000',0,'2026-05-16 13:33:02.000','2026-05-16 13:33:02.000'),(1904,1093,'0.0000',0,'2026-05-16 13:33:02.000','2026-05-16 13:33:02.000'),(1905,1094,'0.0000',0,'2026-05-16 13:33:02.000','2026-05-16 13:33:02.000'),(1906,1095,'0.0000',0,'2026-05-16 13:33:02.000','2026-05-16 13:33:02.000'),(1908,1096,'0.0000',0,'2026-05-16 13:33:03.000','2026-05-16 13:33:03.000'),(1929,1105,'0.0000',0,'2026-05-16 13:36:16.000','2026-05-16 13:36:16.000'),(1930,1106,'0.0000',0,'2026-05-16 13:36:16.000','2026-05-16 13:36:16.000'),(1931,1107,'0.0000',0,'2026-05-16 13:36:16.000','2026-05-16 13:36:16.000'),(1932,1108,'0.0000',0,'2026-05-16 13:36:16.000','2026-05-16 13:36:16.000'),(1934,1109,'0.0000',0,'2026-05-16 13:36:17.000','2026-05-16 13:36:17.000'),(1962,1110,'0.0000',0,'2026-05-16 13:53:34.000','2026-05-16 13:53:34.000'),(1963,1111,'0.0000',0,'2026-05-16 13:53:34.000','2026-05-16 13:53:34.000'),(1964,1112,'0.0000',0,'2026-05-16 13:53:34.000','2026-05-16 13:53:34.000'),(1965,1113,'0.0000',0,'2026-05-16 13:53:34.000','2026-05-16 13:53:34.000'),(1972,1118,'0.0000',0,'2026-05-16 13:53:36.000','2026-05-16 13:53:36.000'),(1991,1119,'0.0000',0,'2026-05-16 14:01:34.000','2026-05-16 14:01:34.000'),(1992,1120,'0.0000',0,'2026-05-16 14:01:34.000','2026-05-16 14:01:34.000'),(1993,1121,'0.0000',0,'2026-05-16 14:01:34.000','2026-05-16 14:01:34.000'),(1994,1122,'0.0000',0,'2026-05-16 14:01:34.000','2026-05-16 14:01:34.000'),(1996,1123,'0.0000',0,'2026-05-16 14:01:35.000','2026-05-16 14:01:35.000'),(2682,1140,'0.0000',0,'2026-05-16 19:22:06.000','2026-05-16 19:22:06.000'),(2827,1145,'0.0000',0,'2026-05-16 20:53:31.000','2026-05-16 20:53:31.000'),(2828,1146,'0.0000',0,'2026-05-16 20:53:31.000','2026-05-16 20:53:31.000'),(2829,1147,'0.0000',0,'2026-05-16 20:53:31.000','2026-05-16 20:53:31.000'),(2830,1148,'0.0000',0,'2026-05-16 20:53:31.000','2026-05-16 20:53:31.000'),(2832,1149,'0.0000',0,'2026-05-16 20:53:32.000','2026-05-16 20:53:32.000'),(2895,1154,'0.0000',0,'2026-05-16 20:56:22.000','2026-05-16 20:56:22.000'),(2896,1155,'0.0000',0,'2026-05-16 20:56:22.000','2026-05-16 20:56:22.000'),(2897,1156,'0.0000',0,'2026-05-16 20:56:22.000','2026-05-16 20:56:22.000'),(2898,1157,'0.0000',0,'2026-05-16 20:56:22.000','2026-05-16 20:56:22.000'),(2900,1158,'0.0000',0,'2026-05-16 20:56:23.000','2026-05-16 20:56:23.000'),(2943,1163,'0.0000',0,'2026-05-16 21:04:34.000','2026-05-16 21:04:34.000'),(2944,1164,'0.0000',0,'2026-05-16 21:04:34.000','2026-05-16 21:04:34.000'),(2945,1165,'0.0000',0,'2026-05-16 21:04:34.000','2026-05-16 21:04:34.000'),(2946,1166,'0.0000',0,'2026-05-16 21:04:34.000','2026-05-16 21:04:34.000'),(2948,1167,'0.0000',0,'2026-05-16 21:04:35.000','2026-05-16 21:04:35.000'),(2982,1172,'0.0000',0,'2026-05-16 21:06:59.000','2026-05-16 21:06:59.000'),(2983,1173,'0.0000',0,'2026-05-16 21:06:59.000','2026-05-16 21:06:59.000'),(2984,1174,'0.0000',0,'2026-05-16 21:07:00.000','2026-05-16 21:07:00.000'),(2985,1175,'0.0000',0,'2026-05-16 21:07:00.000','2026-05-16 21:07:00.000'),(2987,1176,'0.0000',0,'2026-05-16 21:07:01.000','2026-05-16 21:07:01.000'),(3025,1181,'0.0000',0,'2026-05-16 21:14:23.000','2026-05-16 21:14:23.000'),(3026,1182,'0.0000',0,'2026-05-16 21:14:23.000','2026-05-16 21:14:23.000'),(3027,1183,'0.0000',0,'2026-05-16 21:14:23.000','2026-05-16 21:14:23.000'),(3028,1184,'0.0000',0,'2026-05-16 21:14:24.000','2026-05-16 21:14:24.000'),(3030,1185,'0.0000',0,'2026-05-16 21:14:25.000','2026-05-16 21:14:25.000'),(3064,1190,'0.0000',0,'2026-05-16 21:14:52.000','2026-05-16 21:14:52.000'),(3065,1191,'0.0000',0,'2026-05-16 21:14:52.000','2026-05-16 21:14:52.000'),(3066,1192,'0.0000',0,'2026-05-16 21:14:52.000','2026-05-16 21:14:52.000'),(3067,1193,'0.0000',0,'2026-05-16 21:14:53.000','2026-05-16 21:14:53.000'),(3069,1194,'0.0000',0,'2026-05-16 21:14:54.000','2026-05-16 21:14:54.000'),(3104,1199,'0.0000',0,'2026-05-16 21:17:36.000','2026-05-16 21:17:36.000'),(3105,1200,'0.0000',0,'2026-05-16 21:17:36.000','2026-05-16 21:17:36.000'),(3106,1201,'0.0000',0,'2026-05-16 21:17:36.000','2026-05-16 21:17:36.000'),(3107,1202,'0.0000',0,'2026-05-16 21:17:36.000','2026-05-16 21:17:36.000'),(3109,1203,'0.0000',0,'2026-05-16 21:17:37.000','2026-05-16 21:17:37.000'),(3145,1208,'0.0000',0,'2026-05-16 21:22:37.000','2026-05-16 21:22:37.000'),(3146,1209,'0.0000',0,'2026-05-16 21:22:37.000','2026-05-16 21:22:37.000'),(3147,1210,'0.0000',0,'2026-05-16 21:22:37.000','2026-05-16 21:22:37.000'),(3148,1211,'0.0000',0,'2026-05-16 21:22:37.000','2026-05-16 21:22:37.000'),(3150,1212,'0.0000',0,'2026-05-16 21:22:38.000','2026-05-16 21:22:38.000'),(3186,1217,'0.0000',0,'2026-05-16 21:23:29.000','2026-05-16 21:23:29.000'),(3187,1218,'0.0000',0,'2026-05-16 21:23:29.000','2026-05-16 21:23:29.000'),(3188,1219,'0.0000',0,'2026-05-16 21:23:29.000','2026-05-16 21:23:29.000'),(3189,1220,'0.0000',0,'2026-05-16 21:23:29.000','2026-05-16 21:23:29.000'),(3191,1221,'0.0000',0,'2026-05-16 21:23:30.000','2026-05-16 21:23:30.000'),(3227,1226,'0.0000',0,'2026-05-16 21:24:23.000','2026-05-16 21:24:23.000'),(3229,1227,'0.0000',0,'2026-05-16 21:24:25.000','2026-05-16 21:24:25.000'),(3230,1228,'0.0000',0,'2026-05-16 21:24:25.000','2026-05-16 21:24:25.000'),(3231,1229,'0.0000',0,'2026-05-16 21:24:25.000','2026-05-16 21:24:25.000'),(3232,1230,'0.0000',0,'2026-05-16 21:24:25.000','2026-05-16 21:24:25.000'),(3267,1235,'0.0000',0,'2026-05-16 21:24:46.000','2026-05-16 21:24:46.000'),(3268,1236,'0.0000',0,'2026-05-16 21:24:46.000','2026-05-16 21:24:46.000'),(3269,1237,'0.0000',0,'2026-05-16 21:24:46.000','2026-05-16 21:24:46.000'),(3270,1238,'0.0000',0,'2026-05-16 21:24:46.000','2026-05-16 21:24:46.000'),(3272,1239,'0.0000',0,'2026-05-16 21:24:47.000','2026-05-16 21:24:47.000'),(3307,1244,'0.0000',0,'2026-05-16 21:25:25.000','2026-05-16 21:25:25.000'),(3308,1245,'0.0000',0,'2026-05-16 21:25:25.000','2026-05-16 21:25:25.000'),(3309,1246,'0.0000',0,'2026-05-16 21:25:25.000','2026-05-16 21:25:25.000'),(3310,1247,'0.0000',0,'2026-05-16 21:25:25.000','2026-05-16 21:25:25.000'),(3312,1248,'0.0000',0,'2026-05-16 21:25:26.000','2026-05-16 21:25:26.000'),(3349,1253,'0.0000',0,'2026-05-16 21:30:51.000','2026-05-16 21:30:51.000'),(3350,1254,'0.0000',0,'2026-05-16 21:30:51.000','2026-05-16 21:30:51.000'),(3351,1255,'0.0000',0,'2026-05-16 21:30:51.000','2026-05-16 21:30:51.000'),(3352,1256,'0.0000',0,'2026-05-16 21:30:51.000','2026-05-16 21:30:51.000'),(3354,1257,'0.0000',0,'2026-05-16 21:30:52.000','2026-05-16 21:30:52.000'),(3390,1262,'0.0000',0,'2026-05-16 21:31:17.000','2026-05-16 21:31:17.000'),(3391,1263,'0.0000',0,'2026-05-16 21:31:17.000','2026-05-16 21:31:17.000'),(3392,1264,'0.0000',0,'2026-05-16 21:31:17.000','2026-05-16 21:31:17.000'),(3393,1265,'0.0000',0,'2026-05-16 21:31:17.000','2026-05-16 21:31:17.000'),(3395,1266,'0.0000',0,'2026-05-16 21:31:18.000','2026-05-16 21:31:18.000'),(3431,1271,'0.0000',0,'2026-05-16 21:31:39.000','2026-05-16 21:31:39.000'),(3432,1272,'0.0000',0,'2026-05-16 21:31:39.000','2026-05-16 21:31:39.000'),(3433,1273,'0.0000',0,'2026-05-16 21:31:39.000','2026-05-16 21:31:39.000'),(3434,1274,'0.0000',0,'2026-05-16 21:31:39.000','2026-05-16 21:31:39.000'),(3436,1275,'0.0000',0,'2026-05-16 21:31:40.000','2026-05-16 21:31:40.000'),(3475,1280,'0.0000',0,'2026-05-16 21:37:23.000','2026-05-16 21:37:23.000'),(3476,1281,'0.0000',0,'2026-05-16 21:37:23.000','2026-05-16 21:37:23.000'),(3477,1282,'0.0000',0,'2026-05-16 21:37:23.000','2026-05-16 21:37:23.000'),(3478,1283,'0.0000',0,'2026-05-16 21:37:23.000','2026-05-16 21:37:23.000'),(3480,1284,'0.0000',0,'2026-05-16 21:37:24.000','2026-05-16 21:37:24.000'),(3519,1289,'0.0000',0,'2026-05-16 21:37:54.000','2026-05-16 21:37:54.000'),(3520,1290,'0.0000',0,'2026-05-16 21:37:54.000','2026-05-16 21:37:54.000'),(3521,1291,'0.0000',0,'2026-05-16 21:37:54.000','2026-05-16 21:37:54.000'),(3522,1292,'0.0000',0,'2026-05-16 21:37:55.000','2026-05-16 21:37:55.000'),(3524,1293,'0.0000',0,'2026-05-16 21:37:55.000','2026-05-16 21:37:55.000'),(3557,1298,'0.0000',0,'2026-05-16 21:48:01.000','2026-05-16 21:48:01.000'),(3558,1299,'0.0000',0,'2026-05-16 21:48:01.000','2026-05-16 21:48:01.000'),(3559,1300,'0.0000',0,'2026-05-16 21:48:01.000','2026-05-16 21:48:01.000'),(3560,1301,'0.0000',0,'2026-05-16 21:48:01.000','2026-05-16 21:48:01.000'),(3562,1302,'0.0000',0,'2026-05-16 21:48:02.000','2026-05-16 21:48:02.000'),(3594,1307,'0.0000',0,'2026-05-16 21:48:48.000','2026-05-16 21:48:48.000'),(3595,1308,'0.0000',0,'2026-05-16 21:48:48.000','2026-05-16 21:48:48.000'),(3596,1309,'0.0000',0,'2026-05-16 21:48:48.000','2026-05-16 21:48:48.000'),(3597,1310,'0.0000',0,'2026-05-16 21:48:48.000','2026-05-16 21:48:48.000'),(3599,1311,'0.0000',0,'2026-05-16 21:48:49.000','2026-05-16 21:48:49.000'),(3632,1316,'0.0000',0,'2026-05-16 21:51:20.000','2026-05-16 21:51:20.000'),(3633,1317,'0.0000',0,'2026-05-16 21:51:20.000','2026-05-16 21:51:20.000');
INSERT INTO `balance_accounts` (`id`,`user_id`,`available_amount`,`version`,`created_at`,`updated_at`) VALUES (3634,1318,'0.0000',0,'2026-05-16 21:51:20.000','2026-05-16 21:51:20.000'),(3635,1319,'0.0000',0,'2026-05-16 21:51:20.000','2026-05-16 21:51:20.000'),(3637,1320,'0.0000',0,'2026-05-16 21:51:21.000','2026-05-16 21:51:21.000'),(3674,1325,'0.0000',0,'2026-05-16 22:03:34.000','2026-05-16 22:03:34.000'),(3675,1326,'0.0000',0,'2026-05-16 22:03:35.000','2026-05-16 22:03:35.000'),(3676,1327,'0.0000',0,'2026-05-16 22:03:35.000','2026-05-16 22:03:35.000'),(3677,1328,'0.0000',0,'2026-05-16 22:03:35.000','2026-05-16 22:03:35.000'),(3679,1329,'0.0000',0,'2026-05-16 22:03:36.000','2026-05-16 22:03:36.000'),(3712,1334,'0.0000',0,'2026-05-16 22:04:21.000','2026-05-16 22:04:21.000'),(3713,1335,'0.0000',0,'2026-05-16 22:04:21.000','2026-05-16 22:04:21.000'),(3714,1336,'0.0000',0,'2026-05-16 22:04:21.000','2026-05-16 22:04:21.000'),(3715,1337,'0.0000',0,'2026-05-16 22:04:22.000','2026-05-16 22:04:22.000'),(3717,1338,'0.0000',0,'2026-05-16 22:04:23.000','2026-05-16 22:04:23.000'),(3752,1343,'0.0000',0,'2026-05-16 22:05:47.000','2026-05-16 22:05:47.000'),(3753,1344,'0.0000',0,'2026-05-16 22:05:47.000','2026-05-16 22:05:47.000'),(3754,1345,'0.0000',0,'2026-05-16 22:05:47.000','2026-05-16 22:05:47.000'),(3755,1346,'0.0000',0,'2026-05-16 22:05:47.000','2026-05-16 22:05:47.000'),(3757,1347,'0.0000',0,'2026-05-16 22:05:48.000','2026-05-16 22:05:48.000'),(3790,1352,'0.0000',0,'2026-05-16 22:06:35.000','2026-05-16 22:06:35.000'),(3791,1353,'0.0000',0,'2026-05-16 22:06:35.000','2026-05-16 22:06:35.000'),(3792,1354,'0.0000',0,'2026-05-16 22:06:35.000','2026-05-16 22:06:35.000'),(3793,1355,'0.0000',0,'2026-05-16 22:06:35.000','2026-05-16 22:06:35.000'),(3795,1356,'0.0000',0,'2026-05-16 22:06:36.000','2026-05-16 22:06:36.000');
DROP TABLE IF EXISTS `batch_link_check_records`;
CREATE TABLE `batch_link_check_records` (
  `id` bigint unsigned NOT NULL AUTO_INCREMENT,
  `check_batch_no` varchar(48) NOT NULL,
  `user_id` bigint unsigned NOT NULL,
  `line_no` int unsigned NOT NULL DEFAULT '0',
  `raw_content` varchar(2048) NOT NULL,
  `note_url` varchar(1024) DEFAULT NULL,
  `resolved_note_url` varchar(1024) DEFAULT NULL,
  `note_id` varchar(64) DEFAULT NULL,
  `target_type` varchar(32) NOT NULL DEFAULT 'view',
  `ordered_quantity` int unsigned NOT NULL DEFAULT '0',
  `payable_amount` decimal(18,4) NOT NULL DEFAULT '0.0000',
  `valid` tinyint(1) NOT NULL DEFAULT '0',
  `title` varchar(255) DEFAULT NULL,
  `author_name` varchar(128) DEFAULT NULL,
  `avatar_url` varchar(1024) DEFAULT NULL,
  `errors` json DEFAULT NULL,
  `created_at` datetime NOT NULL DEFAULT CURRENT_TIMESTAMP,
  PRIMARY KEY (`id`),
  KEY `idx_batch_link_check_batch_no` (`check_batch_no`),
  KEY `idx_batch_link_check_user_created_at` (`user_id`,`created_at`),
  KEY `idx_batch_link_check_valid` (`valid`),
  KEY `idx_batch_link_check_note_id` (`note_id`)
) ENGINE=InnoDB AUTO_INCREMENT=443 DEFAULT CHARSET=utf8mb4 COLLATE=utf8mb4_0900_ai_ci;
DROP TABLE IF EXISTS `batch_problem_link_records`;
CREATE TABLE `batch_problem_link_records` (
  `id` bigint unsigned NOT NULL AUTO_INCREMENT,
  `user_id` bigint unsigned NOT NULL,
  `line_no` int unsigned NOT NULL DEFAULT '0',
  `raw_content` varchar(2048) NOT NULL,
  `note_url` varchar(1024) DEFAULT NULL,
  `note_id` varchar(64) DEFAULT NULL,
  `target_type` varchar(32) NOT NULL DEFAULT 'view',
  `errors` json DEFAULT NULL,
  `created_at` datetime NOT NULL DEFAULT CURRENT_TIMESTAMP,
  `check_batch_no` varchar(48) DEFAULT NULL,
  `resolved_note_url` varchar(1024) DEFAULT NULL,
  `ordered_quantity` bigint unsigned NOT NULL DEFAULT '0',
  `payable_amount` decimal(18,4) NOT NULL DEFAULT '0.0000',
  `title` varchar(512) DEFAULT NULL,
  `author_name` varchar(255) DEFAULT NULL,
  `avatar_url` varchar(1024) DEFAULT NULL,
  PRIMARY KEY (`id`),
  KEY `idx_batch_problem_link_user_created_at` (`user_id`,`created_at`),
  KEY `idx_batch_problem_link_note_id` (`note_id`)
) ENGINE=InnoDB AUTO_INCREMENT=30 DEFAULT CHARSET=utf8mb4 COLLATE=utf8mb4_0900_ai_ci;
DROP TABLE IF EXISTS `note_basic_cache`;
CREATE TABLE `note_basic_cache` (
  `id` bigint unsigned NOT NULL AUTO_INCREMENT,
  `source_url` varchar(1024) NOT NULL,
  `note_id` varchar(64) NOT NULL,
  `resolved_note_url` varchar(1024) DEFAULT NULL,
  `title` varchar(255) DEFAULT NULL,
  `author_id` varchar(64) DEFAULT NULL,
  `author_name` varchar(128) DEFAULT NULL,
  `avatar_url` varchar(1024) DEFAULT NULL,
  `raw_payload` json DEFAULT NULL,
  `created_at` datetime NOT NULL DEFAULT CURRENT_TIMESTAMP,
  `updated_at` datetime NOT NULL DEFAULT CURRENT_TIMESTAMP ON UPDATE CURRENT_TIMESTAMP,
  PRIMARY KEY (`id`),
  UNIQUE KEY `uk_note_basic_cache_source_url` (`source_url`(255)),
  KEY `idx_note_basic_cache_note_id` (`note_id`)
) ENGINE=InnoDB AUTO_INCREMENT=1703 DEFAULT CHARSET=utf8mb4 COLLATE=utf8mb4_0900_ai_ci;
INSERT INTO `note_basic_cache` (`id`,`source_url`,`note_id`,`resolved_note_url`,`title`,`author_id`,`author_name`,`avatar_url`,`raw_payload`,`created_at`,`updated_at`) VALUES (1702,'https://www.xiaohongshu.com/explore/64f1a2b3c4d5e6f789012345','64f1a2b3c4d5e6f789012345','https://www.xiaohongshu.com/explore/64f1a2b3c4d5e6f789012345','测试笔记',NULL,'测试作者','https://cdn.example.com/avatar.png',`code` = 0, `data` = '[object Object]','2026-05-16 22:06:32.000','2026-05-16 22:06:32.000');
DROP TABLE IF EXISTS `order_batches`;
CREATE TABLE `order_batches` (
  `id` bigint unsigned NOT NULL AUTO_INCREMENT COMMENT '主键ID',
  `batch_id` char(36) NOT NULL COMMENT '批次UUID',
  `batch_no` varchar(40) NOT NULL COMMENT '批次业务编号',
  `user_id` bigint unsigned NOT NULL COMMENT '用户ID',
  `source_type` varchar(32) NOT NULL DEFAULT 'manual' COMMENT '提交来源类型',
  `submit_mode` varchar(32) NOT NULL DEFAULT 'single' COMMENT '提交模式',
  `raw_content` longtext COMMENT '原始提交内容',
  `estimated_amount` decimal(18,4) NOT NULL DEFAULT '0.0000' COMMENT '预计消费金额',
  `status` varchar(32) NOT NULL DEFAULT 'pending' COMMENT '批次状态',
  `total_count` int unsigned NOT NULL DEFAULT '0' COMMENT '总数量',
  `pending_count` int unsigned NOT NULL DEFAULT '0' COMMENT '待处理数量',
  `processing_count` int unsigned NOT NULL DEFAULT '0' COMMENT '处理中数量',
  `succeeded_count` int unsigned NOT NULL DEFAULT '0' COMMENT '成功数量',
  `failed_count` int unsigned NOT NULL DEFAULT '0' COMMENT '失败数量',
  `retryable_count` int unsigned NOT NULL DEFAULT '0' COMMENT '可重试数量',
  `submitted_at` datetime NOT NULL DEFAULT CURRENT_TIMESTAMP COMMENT '提交时间',
  `finished_at` datetime DEFAULT NULL COMMENT '完成时间',
  `created_at` datetime NOT NULL DEFAULT CURRENT_TIMESTAMP COMMENT '创建时间',
  `updated_at` datetime NOT NULL DEFAULT CURRENT_TIMESTAMP ON UPDATE CURRENT_TIMESTAMP COMMENT '更新时间',
  PRIMARY KEY (`id`),
  UNIQUE KEY `uk_order_batches_batch_id` (`batch_id`),
  UNIQUE KEY `uk_order_batches_batch_no` (`batch_no`),
  KEY `idx_order_batches_user_created_at` (`user_id`,`created_at`),
  KEY `idx_order_batches_status_submitted_at` (`status`,`submitted_at`)
) ENGINE=InnoDB AUTO_INCREMENT=797 DEFAULT CHARSET=utf8mb4 COLLATE=utf8mb4_0900_ai_ci COMMENT='订单批次表';
INSERT INTO `order_batches` (`id`,`batch_id`,`batch_no`,`user_id`,`source_type`,`submit_mode`,`raw_content`,`estimated_amount`,`status`,`total_count`,`pending_count`,`processing_count`,`succeeded_count`,`failed_count`,`retryable_count`,`submitted_at`,`finished_at`,`created_at`,`updated_at`) VALUES (1,'aecc67c2-344f-4a64-afa6-7be927a5eabf','BATCH-MP89EZ62-C5',1,'manual','batch','http://xhslink.com/o/f88BNYT6S4  200\nhttp://xhslink.com/o/9gp1ICPDLS7  100','60.0000','completed',2,0,0,2,0,0,'2026-05-16 19:25:13.000','2026-05-16 20:12:33.000','2026-05-16 19:25:13.000','2026-05-16 22:06:32.000'),(2,'dad62b36-b1a6-49d7-b867-68db8842c04e','BATCH-MP89FIMV-3A',1,'manual','batch','http://xhslink.com/o/2Ta3y3ujlrR 1000\nhttp://xhslink.com/o/8MzcEzPak2R  2000\nhttp://xhslink.com/o/7oHjjm5s2yk  500','90.0000','pending',3,0,0,0,0,0,'2026-05-16 19:25:38.000',NULL,'2026-05-16 19:25:38.000','2026-05-16 22:06:32.000'),(3,'0d52d544-f085-4231-914f-6d8af1dc39c6','BATCH-MP89H3ZD-64',1,'manual','batch','http://xhslink.com/o/7oHjjm5s2yk  200\nhttp://xhslink.com/o/8MzcEzPak2R  200\nhttp://xhslink.com/o/2Ta3y3ujlrR  200','90.0000','pending',3,0,0,0,0,0,'2026-05-16 19:26:53.000',NULL,'2026-05-16 19:26:53.000','2026-05-16 22:06:32.000'),(4,'47a33240-0956-4585-bb1c-7ebc7cd0aad9','BATCH-MP89I0IT-C2',1,'manual','batch','http://xhslink.com/o/2Ta3y3ujlrR  200\nhttp://xhslink.com/o/8MzcEzPak2R  200\nhttp://xhslink.com/o/7oHjjm5s2yk  200','90.0000','completed',3,0,0,3,0,0,'2026-05-16 19:27:35.000','2026-05-16 20:47:06.000','2026-05-16 19:27:35.000','2026-05-16 22:06:32.000'),(204,'b2490b23-ef16-44c7-96a7-2f5117b7dda0','BATCH-MP8D19KC-26',1,'manual','batch','http://xhslink.com/o/7oHjjm5s2yk 1000\nhttp://xhslink.com/o/8MzcEzPak2R 1000\nhttp://xhslink.com/o/2Ta3y3ujlrR  1000\nhttp://xhslink.com/o/9gp1ICPDLS7  1000','120.0000','completed',4,0,0,4,0,0,'2026-05-16 21:06:32.000','2026-05-16 21:14:22.000','2026-05-16 21:06:32.000','2026-05-16 22:06:32.000'),(205,'ac111ff3-e4ea-4683-9d8b-94546a9cd922','BATCH-MP8D1QIL-5B',1,'manual','batch','https://www.xiaohongshu.com/explore/6a081953000000003501efc6 1000','30.0000','completed',1,0,0,1,0,0,'2026-05-16 21:06:54.000','2026-05-16 21:14:22.000','2026-05-16 21:06:54.000','2026-05-16 22:06:32.000'),(233,'1eeb1c5d-40a2-4aee-aeaa-9c5bcd906cd9','BATCH-MP8D5O2K-0E',1,'manual','batch','https://www.xiaohongshu.com/explore/6a081953000000003501efc6 1000','30.0000','failed',1,0,0,0,1,0,'2026-05-16 21:09:57.000','2026-05-16 21:09:57.000','2026-05-16 21:09:57.000','2026-05-16 22:06:32.000'),(316,'1579a712-5592-4a0b-9b67-6d9e3238a44c','BATCH-MP8DFWXB-6F',1,'manual','batch','https://www.xiaohongshu.com/explore/6a081953000000003501efc6 100','30.0000','pending',1,0,0,0,0,0,'2026-05-16 21:17:55.000',NULL,'2026-05-16 21:17:55.000','2026-05-16 22:10:00.000'),(317,'bfbaa2a0-ca9c-415f-8e73-1980740911b6','BATCH-MP8DG4TJ-2A',1,'manual','batch','https://www.xiaohongshu.com/explore/6a081953000000003501efc6 100','30.0000','failed',1,0,0,0,1,0,'2026-05-16 21:18:06.000','2026-05-16 21:18:06.000','2026-05-16 21:18:06.000','2026-05-16 22:10:00.000'),(318,'9f41a147-ef5d-492e-bf08-78a74a67cdb3','BATCH-MP8DGC43-3E',1,'manual','batch','https://www.xiaohongshu.com/explore/6a081953000000003501efc6 100','30.0000','pending',1,0,0,0,0,0,'2026-05-16 21:18:15.000',NULL,'2026-05-16 21:18:15.000','2026-05-16 22:10:00.000'),(319,'f36d43d5-190e-40c4-bb06-1d2536cc8050','BATCH-MP8DGHQW-17',1,'manual','batch','https://www.xiaohongshu.com/explore/6a081953000000003501efc6 100','10.0000','pending',1,0,0,0,0,0,'2026-05-16 21:18:22.000',NULL,'2026-05-16 21:18:22.000','2026-05-16 22:10:00.000'),(460,'0984673f-9644-4c01-af0f-3a23c28a833e','BATCH-MP8DVWB0-D7',1,'manual','batch','https://www.xiaohongshu.com/explore/6a081953000000003501efc6 50','30.0000','completed',1,0,0,1,0,0,'2026-05-16 21:30:21.000','2026-05-16 21:39:42.000','2026-05-16 21:30:21.000','2026-05-16 22:10:00.000'),(612,'dec6ac71-4cdd-478e-a92b-d9d3330f22d3','BATCH-MP8EAEBZ-D9',1,'manual','batch','https://www.xiaohongshu.com/explore/6a081953000000003501efc6 100','30.0000','completed',1,0,0,1,0,0,'2026-05-16 21:41:38.000','2026-05-16 21:47:58.000','2026-05-16 21:41:38.000','2026-05-16 22:10:00.000'),(663,'82c1d322-ded3-4422-9f64-cb29c07cffa0','BATCH-MP8EKIZA-84',1,'manual','batch','https://www.xiaohongshu.com/explore/6a081953000000003501efc6 20','30.0000','completed',1,0,0,1,0,0,'2026-05-16 21:49:30.000','2026-05-16 21:56:15.000','2026-05-16 21:49:30.000','2026-05-16 22:10:00.000'),(664,'a09b4644-f74b-4ced-94c3-c4f6ef5e54d8','BATCH-MP8EMRJ2-98',1,'manual','batch','https://www.xiaohongshu.com/explore/6a081953000000003501efc6 20','30.0000','completed',1,0,0,1,0,0,'2026-05-16 21:51:15.000','2026-05-16 21:56:17.000','2026-05-16 21:51:15.000','2026-05-16 22:10:00.000'),(690,'f035ccff-b0ab-4ac2-91e4-728f883d86c0','BATCH-MP8EXIF6-34',1,'manual','batch','https://www.xiaohongshu.com/explore/6a081953000000003501efc6 10','30.0000','processing',1,0,1,0,0,0,'2026-05-16 21:59:36.000',NULL,'2026-05-16 21:59:36.000','2026-05-16 22:10:00.000'),(691,'1cf24251-4279-4b2e-9140-e8f94547ebe6','BATCH-MP8EYEKG-D0',1,'manual','batch','https://www.xiaohongshu.com/explore/6a081953000000003501efc6 10','30.0000','pending',1,0,0,0,0,0,'2026-05-16 22:00:18.000',NULL,'2026-05-16 22:00:18.000','2026-05-16 22:10:00.000');
DROP TABLE IF EXISTS `order_replenishment_records`;
CREATE TABLE `order_replenishment_records` (
  `id` bigint unsigned NOT NULL AUTO_INCREMENT,
  `replenishment_no` varchar(48) NOT NULL,
  `order_id` bigint unsigned NOT NULL,
  `order_no` varchar(40) NOT NULL,
  `batch_id` bigint unsigned NOT NULL DEFAULT '0',
  `user_id` bigint unsigned NOT NULL,
  `target_type` varchar(32) NOT NULL DEFAULT 'view',
  `note_id` varchar(64) DEFAULT NULL,
  `note_url` varchar(1024) DEFAULT NULL,
  `original_external_task_id` varchar(128) DEFAULT NULL,
  `replenishment_external_task_id` varchar(128) DEFAULT NULL,
  `ordered_quantity` int unsigned NOT NULL DEFAULT '0',
  `actual_quantity` int unsigned NOT NULL DEFAULT '0',
  `shortage_quantity` int unsigned NOT NULL DEFAULT '0',
  `snapshot_before_count` int unsigned DEFAULT NULL,
  `snapshot_after_count` int unsigned DEFAULT NULL,
  `status` varchar(32) NOT NULL DEFAULT 'created',
  `reason_message` varchar(255) DEFAULT NULL,
  `created_at` datetime NOT NULL DEFAULT CURRENT_TIMESTAMP,
  `updated_at` datetime NOT NULL DEFAULT CURRENT_TIMESTAMP ON UPDATE CURRENT_TIMESTAMP,
  PRIMARY KEY (`id`),
  UNIQUE KEY `uk_order_replenishment_records_no` (`replenishment_no`),
  KEY `idx_order_replenishment_records_order_id` (`order_id`),
  KEY `idx_order_replenishment_records_user_created_at` (`user_id`,`created_at`),
  KEY `idx_order_replenishment_records_status` (`status`)
) ENGINE=InnoDB AUTO_INCREMENT=48 DEFAULT CHARSET=utf8mb4 COLLATE=utf8mb4_0900_ai_ci;
INSERT INTO `order_replenishment_records` (`id`,`replenishment_no`,`order_id`,`order_no`,`batch_id`,`user_id`,`target_type`,`note_id`,`note_url`,`original_external_task_id`,`replenishment_external_task_id`,`ordered_quantity`,`actual_quantity`,`shortage_quantity`,`snapshot_before_count`,`snapshot_after_count`,`status`,`reason_message`,`created_at`,`updated_at`) VALUES (1,'REPL-1778935906186-227FC3',44,'ORDER-1778935906142-001',34,1,'view','64f1a2b3c4d5e6f789012345','https://www.xiaohongshu.com/explore/64f1a2b3c4d5e6f789012345','12345','12345',100,0,100,0,0,'failed','Replenishment completed but final actual metric snapshot is unavailable','2026-05-16 20:51:46.000','2026-05-16 21:14:22.000'),(2,'REPL-1778935906245-E2CB11',45,'ORDER-1778935906228-001',35,1,'view','64f1a2b3c4d5e6f789012345','https://www.xiaohongshu.com/explore/64f1a2b3c4d5e6f789012345','12345','22345',100,40,60,1000,1040,'failed','Replenishment completed but final actual metric snapshot is unavailable','2026-05-16 20:51:46.000','2026-05-16 21:14:22.000'),(3,'REPL-1778935940341-6404B3',71,'ORDER-1778935940320-001',58,1,'view','64f1a2b3c4d5e6f789012345','https://www.xiaohongshu.com/explore/64f1a2b3c4d5e6f789012345','12345','22345',100,40,60,1000,1040,'failed','Replenishment completed but final actual metric snapshot is unavailable','2026-05-16 20:52:20.000','2026-05-16 21:14:22.000'),(42,'REPL-1778940211297-32AC04',861,'ORDER-1778940211272-001',697,1,'view','64f1a2b3c4d5e6f789012345','https://www.xiaohongshu.com/explore/64f1a2b3c4d5e6f789012345','12345','12345',100,0,100,0,0,'created','Actual delivery short; replenishment created: ordered 100, actual 0, shortage 100','2026-05-16 22:03:31.000','2026-05-16 22:03:31.000'),(43,'REPL-1778940258223-5D9FF2',894,'ORDER-1778940258200-001',723,1,'view','64f1a2b3c4d5e6f789012345','https://www.xiaohongshu.com/explore/64f1a2b3c4d5e6f789012345','12345','12345',100,0,100,0,0,'created','Actual delivery short; replenishment created: ordered 100, actual 0, shortage 100','2026-05-16 22:04:18.000','2026-05-16 22:04:18.000'),(44,'REPL-1778940297891-3855A3',922,'ORDER-1778940297811-001',744,1,'view','64f1a2b3c4d5e6f789012345','https://www.xiaohongshu.com/explore/64f1a2b3c4d5e6f789012345','12345','12345',100,0,100,0,0,'created','Actual delivery short; replenishment created: ordered 100, actual 0, shortage 100','2026-05-16 22:04:58.000','2026-05-16 22:04:58.000'),(45,'REPL-1778940297896-81D7C6',854,'ORDER-1778939976113-001',690,1,'view','6a081953000000003501efc6','https://www.xiaohongshu.com/explore/6a081953000000003501efc6','631031','12345',10,0,10,0,0,'created','Actual delivery short; replenishment created: ordered 10, actual 0, shortage 10','2026-05-16 22:04:58.000','2026-05-16 22:04:58.000'),(46,'REPL-1778940343970-E27E11',928,'ORDER-1778940343945-001',750,1,'view','64f1a2b3c4d5e6f789012345','https://www.xiaohongshu.com/explore/64f1a2b3c4d5e6f789012345','12345','12345',100,0,100,0,0,'created','Actual delivery short; replenishment created: ordered 100, actual 0, shortage 100','2026-05-16 22:05:44.000','2026-05-16 22:05:44.000'),(47,'REPL-1778940391958-5ED4C8',961,'ORDER-1778940391931-001',776,1,'view','64f1a2b3c4d5e6f789012345','https://www.xiaohongshu.com/explore/64f1a2b3c4d5e6f789012345','12345','12345',100,0,100,0,0,'created','Actual delivery short; replenishment created: ordered 100, actual 0, shortage 100','2026-05-16 22:06:32.000','2026-05-16 22:06:32.000');
DROP TABLE IF EXISTS `orders`;
CREATE TABLE `orders` (
  `id` bigint unsigned NOT NULL AUTO_INCREMENT COMMENT '主键ID',
  `order_no` varchar(40) NOT NULL COMMENT '订单编号',
  `user_id` bigint unsigned NOT NULL COMMENT '用户ID',
  `batch_id` bigint unsigned NOT NULL DEFAULT '0' COMMENT '来源批次ID',
  `batch_item_id` bigint unsigned NOT NULL DEFAULT '0' COMMENT '来源批次明细ID',
  `note_id` varchar(64) DEFAULT NULL COMMENT '小红书笔记ID',
  `note_url` varchar(1024) DEFAULT NULL COMMENT '小红书笔记链接',
  `title` varchar(255) DEFAULT NULL,
  `author_name` varchar(255) DEFAULT NULL,
  `avatar_url` varchar(1024) DEFAULT NULL,
  `target_type` varchar(32) NOT NULL DEFAULT 'view' COMMENT '下单目标类型',
  `ordered_quantity` int unsigned NOT NULL DEFAULT '0' COMMENT '下单数量',
  `completed_quantity` int unsigned NOT NULL DEFAULT '0' COMMENT '已完成数量',
  `refunded_quantity` int unsigned NOT NULL DEFAULT '0' COMMENT '已退款数量',
  `refund_amount_total` decimal(18,4) NOT NULL DEFAULT '0.0000' COMMENT '累计退款金额',
  `repair_count` int unsigned NOT NULL DEFAULT '0' COMMENT '补单次数',
  `order_status` varchar(32) NOT NULL DEFAULT 'running' COMMENT '订单状态',
  `external_task_id` varchar(128) DEFAULT NULL COMMENT '外部任务ID',
  `external_status` varchar(64) DEFAULT NULL COMMENT '外部任务状态',
  `external_progress` decimal(10,4) DEFAULT NULL COMMENT '外部任务进度',
  `external_completed_quantity` int unsigned NOT NULL DEFAULT '0' COMMENT '外部返回完成数量',
  `external_last_synced_at` datetime DEFAULT NULL COMMENT '外部进度同步时间',
  `reason_code` varchar(64) DEFAULT NULL COMMENT '原因编码',
  `reason_message` varchar(255) DEFAULT NULL COMMENT '原因说明',
  `snapshot_current_read_count` int unsigned DEFAULT NULL COMMENT '下单时阅读数快照',
  `snapshot_verified_read_count` int unsigned DEFAULT NULL COMMENT '验收时阅读数快照',
  `last_dispatch_at` datetime DEFAULT NULL COMMENT '最近投递时间',
  `last_verified_at` datetime DEFAULT NULL COMMENT '最近验收时间',
  `refund_lock_status` varchar(32) NOT NULL DEFAULT 'unlocked' COMMENT '退款锁状态',
  `refund_locked_at` datetime DEFAULT NULL COMMENT '退款锁定时间',
  `refund_requested_at` datetime DEFAULT NULL COMMENT '申请退款时间',
  `stop_requested_at` datetime DEFAULT NULL COMMENT '请求停止时间',
  `stop_response_message` varchar(255) DEFAULT NULL COMMENT '停止任务响应说明',
  `refund_calc_after_at` datetime DEFAULT NULL COMMENT '退款计算时间点',
  `archived_at` datetime DEFAULT NULL COMMENT '归档时间',
  `created_at` datetime NOT NULL DEFAULT CURRENT_TIMESTAMP COMMENT '创建时间',
  `updated_at` datetime NOT NULL DEFAULT CURRENT_TIMESTAMP ON UPDATE CURRENT_TIMESTAMP COMMENT '更新时间',
  PRIMARY KEY (`id`),
  UNIQUE KEY `uk_orders_order_no` (`order_no`),
  KEY `idx_orders_user_created_at` (`user_id`,`created_at`),
  KEY `idx_orders_status_updated_at` (`order_status`,`updated_at`),
  KEY `idx_orders_batch_id` (`batch_id`),
  KEY `idx_orders_batch_item_id` (`batch_item_id`),
  KEY `idx_orders_note_id` (`note_id`),
  KEY `idx_orders_external_task_id` (`external_task_id`),
  KEY `idx_orders_refund_lock_status` (`refund_lock_status`),
  KEY `idx_orders_refund_calc_after_at` (`refund_calc_after_at`)
) ENGINE=InnoDB AUTO_INCREMENT=989 DEFAULT CHARSET=utf8mb4 COLLATE=utf8mb4_0900_ai_ci COMMENT='订单主表';
INSERT INTO `orders` (`id`,`order_no`,`user_id`,`batch_id`,`batch_item_id`,`note_id`,`note_url`,`title`,`author_name`,`avatar_url`,`target_type`,`ordered_quantity`,`completed_quantity`,`refunded_quantity`,`refund_amount_total`,`repair_count`,`order_status`,`external_task_id`,`external_status`,`external_progress`,`external_completed_quantity`,`external_last_synced_at`,`reason_code`,`reason_message`,`snapshot_current_read_count`,`snapshot_verified_read_count`,`last_dispatch_at`,`last_verified_at`,`refund_lock_status`,`refund_locked_at`,`refund_requested_at`,`stop_requested_at`,`stop_response_message`,`refund_calc_after_at`,`archived_at`,`created_at`,`updated_at`) VALUES (1,'ORDER-1778930713227-001',1,1,1,'69e6fcde000000001f0056ed','http://xhslink.com/o/f88BNYT6S4','不摆拍的外景婚纱照🎈🎈','泉州爱诺婚纱摄影','https://sns-avatar-qc.xhscdn.com/avatar/1040g2jo31fidoa8fg01040sg1j524hrvf3lhak8?imageView2/2/w/80/format/jpg','view',200,200,0,'0.0000',0,'completed','626907','completed','1.0000',200,NULL,NULL,NULL,NULL,NULL,NULL,'2026-05-16 19:25:40.000','unlocked',NULL,NULL,NULL,NULL,NULL,NULL,'2026-05-16 19:25:13.000','2026-05-16 20:12:33.000'),(2,'ORDER-1778930713228-002',1,1,2,'69be9bb900000000280085ed','http://xhslink.com/o/9gp1ICPDLS7','赞爆朋友圈的领证跟拍','摄影师-玖月','https://sns-avatar-qc.xhscdn.com/avatar/1040g2jo31uo3l62aia605q2ctp9n9fhv5gqiat8?imageView2/2/w/80/format/jpg','view',100,100,0,'0.0000',0,'completed','626906','completed','1.0000',100,NULL,NULL,NULL,NULL,NULL,NULL,'2026-05-16 19:25:40.000','unlocked',NULL,NULL,NULL,NULL,NULL,NULL,'2026-05-16 19:25:13.000','2026-05-16 20:12:33.000'),(3,'ORDER-1778930738456-001',1,2,1,'693d6eb0000000001b033d62','http://xhslink.com/o/2Ta3y3ujlrR','大泉州婚礼跟拍最卷报价表','摄影师-玖月','https://sns-avatar-qc.xhscdn.com/avatar/1040g2jo31uo3l62aia605q2ctp9n9fhv5gqiat8?imageView2/2/w/80/format/jpg','view',1000,0,1000,'30.0000',0,'refund_approved','626959','running','0.0000',0,NULL,NULL,'管理员审核通过',NULL,NULL,NULL,'2026-05-16 19:25:43.000','unlocked',NULL,'2026-05-16 19:26:12.000','2026-05-16 19:26:12.000',NULL,'2026-05-17 19:26:12.000',NULL,'2026-05-16 19:25:38.000','2026-05-16 19:26:26.000'),(4,'ORDER-1778930738456-002',1,2,2,'69afe96b000000000600e0de','http://xhslink.com/o/8MzcEzPak2R','简简单单浔埔小娘惹 ','摄影师-玖月','https://sns-avatar-qc.xhscdn.com/avatar/1040g2jo31uo3l62aia605q2ctp9n9fhv5gqiat8?imageView2/2/w/80/format/jpg','view',2000,0,2000,'30.0000',0,'refund_approved','626958','running','0.0000',0,NULL,NULL,'管理员审核通过',NULL,NULL,NULL,'2026-05-16 19:25:43.000','unlocked',NULL,'2026-05-16 19:26:14.000','2026-05-16 19:26:14.000',NULL,'2026-05-17 19:26:14.000',NULL,'2026-05-16 19:25:38.000','2026-05-16 19:26:24.000'),(5,'ORDER-1778930738456-003',1,2,3,'69411500000000001e02712a','http://xhslink.com/o/7oHjjm5s2yk','泉州浔埔传统簪花，你们喜欢吗？','摄影师-玖月','https://sns-avatar-qc.xhscdn.com/avatar/1040g2jo31uo3l62aia605q2ctp9n9fhv5gqiat8?imageView2/2/w/80/format/jpg','view',500,0,500,'30.0000',0,'refund_approved','626960','running','0.0000',0,NULL,NULL,'管理员审核通过',NULL,NULL,NULL,'2026-05-16 19:25:43.000','unlocked',NULL,'2026-05-16 19:26:16.000','2026-05-16 19:26:16.000',NULL,'2026-05-17 19:26:16.000',NULL,'2026-05-16 19:25:38.000','2026-05-16 19:26:20.000'),(6,'ORDER-1778930812778-001',1,3,1,'69411500000000001e02712a','http://xhslink.com/o/7oHjjm5s2yk','泉州浔埔传统簪花，你们喜欢吗？','摄影师-玖月','https://sns-avatar-qc.xhscdn.com/avatar/1040g2jo31uo3l62aia605q2ctp9n9fhv5gqiat8?imageView2/2/w/80/format/jpg','view',200,0,200,'30.0000',0,'refund_approved','627110','running','0.0000',0,NULL,NULL,'管理员审核通过',NULL,NULL,NULL,'2026-05-16 19:26:56.000','unlocked',NULL,'2026-05-16 19:27:03.000','2026-05-16 19:27:03.000',NULL,'2026-05-17 19:27:03.000',NULL,'2026-05-16 19:26:53.000','2026-05-16 19:27:54.000'),(7,'ORDER-1778930812779-002',1,3,2,'69afe96b000000000600e0de','http://xhslink.com/o/8MzcEzPak2R','简简单单浔埔小娘惹 ','摄影师-玖月','https://sns-avatar-qc.xhscdn.com/avatar/1040g2jo31uo3l62aia605q2ctp9n9fhv5gqiat8?imageView2/2/w/80/format/jpg','view',200,0,200,'30.0000',0,'refund_approved','627111','running','0.0000',0,NULL,NULL,'管理员审核通过',NULL,NULL,NULL,'2026-05-16 19:26:56.000','unlocked',NULL,'2026-05-16 19:27:05.000','2026-05-16 19:27:05.000',NULL,'2026-05-17 19:27:05.000',NULL,'2026-05-16 19:26:53.000','2026-05-16 19:27:56.000'),(8,'ORDER-1778930812779-003',1,3,3,'693d6eb0000000001b033d62','http://xhslink.com/o/2Ta3y3ujlrR','大泉州婚礼跟拍最卷报价表','摄影师-玖月','https://sns-avatar-qc.xhscdn.com/avatar/1040g2jo31uo3l62aia605q2ctp9n9fhv5gqiat8?imageView2/2/w/80/format/jpg','view',200,0,200,'30.0000',0,'refund_approved','627112','running','0.0000',0,NULL,NULL,'管理员审核通过',NULL,NULL,NULL,'2026-05-16 19:26:56.000','unlocked',NULL,'2026-05-16 19:27:07.000','2026-05-16 19:27:07.000',NULL,'2026-05-17 19:27:07.000',NULL,'2026-05-16 19:26:53.000','2026-05-16 19:27:59.000'),(9,'ORDER-1778930854950-001',1,4,1,'693d6eb0000000001b033d62','http://xhslink.com/o/2Ta3y3ujlrR','大泉州婚礼跟拍最卷报价表','摄影师-玖月','https://sns-avatar-qc.xhscdn.com/avatar/1040g2jo31uo3l62aia605q2ctp9n9fhv5gqiat8?imageView2/2/w/80/format/jpg','like',200,200,0,'0.0000',0,'completed','40408','completed','1.0000',200,NULL,NULL,NULL,NULL,NULL,NULL,'2026-05-16 19:27:37.000','unlocked',NULL,NULL,NULL,NULL,NULL,NULL,'2026-05-16 19:27:35.000','2026-05-16 20:47:06.000'),(10,'ORDER-1778930854950-002',1,4,2,'69afe96b000000000600e0de','http://xhslink.com/o/8MzcEzPak2R','简简单单浔埔小娘惹 ','摄影师-玖月','https://sns-avatar-qc.xhscdn.com/avatar/1040g2jo31uo3l62aia605q2ctp9n9fhv5gqiat8?imageView2/2/w/80/format/jpg','like',200,200,0,'0.0000',0,'completed','40407','completed','1.0000',200,NULL,NULL,NULL,NULL,NULL,NULL,'2026-05-16 19:27:37.000','unlocked',NULL,NULL,NULL,NULL,NULL,NULL,'2026-05-16 19:27:35.000','2026-05-16 20:47:06.000'),(11,'ORDER-1778930854951-003',1,4,3,'69411500000000001e02712a','http://xhslink.com/o/7oHjjm5s2yk','泉州浔埔传统簪花，你们喜欢吗？','摄影师-玖月','https://sns-avatar-qc.xhscdn.com/avatar/1040g2jo31uo3l62aia605q2ctp9n9fhv5gqiat8?imageView2/2/w/80/format/jpg','like',200,200,0,'0.0000',0,'completed','40406','completed','1.0000',200,NULL,NULL,NULL,NULL,NULL,NULL,'2026-05-16 19:27:37.000','unlocked',NULL,NULL,NULL,NULL,NULL,NULL,'2026-05-16 19:27:35.000','2026-05-16 20:47:06.000'),(247,'ORDER-1778936792164-001',1,204,1,'69411500000000001e02712a','http://xhslink.com/o/7oHjjm5s2yk','泉州浔埔传统簪花，你们喜欢吗？','摄影师-玖月','https://sns-avatar-qc.xhscdn.com/avatar/1040g2jo31uo3l62aia605q2ctp9n9fhv5gqiat8?imageView2/2/w/80/format/jpg','view',1000,1000,0,'0.0000',0,'completed','629472','completed','1.0000',1000,NULL,NULL,NULL,NULL,NULL,NULL,'2026-05-16 21:06:58.000','unlocked',NULL,NULL,NULL,NULL,NULL,NULL,'2026-05-16 21:06:32.000','2026-05-16 21:14:22.000'),(248,'ORDER-1778936792165-002',1,204,2,'69afe96b000000000600e0de','http://xhslink.com/o/8MzcEzPak2R','简简单单浔埔小娘惹 ','摄影师-玖月','https://sns-avatar-qc.xhscdn.com/avatar/1040g2jo31uo3l62aia605q2ctp9n9fhv5gqiat8?imageView2/2/w/80/format/jpg','view',1000,1000,0,'0.0000',0,'completed','629474','completed','1.0000',1000,NULL,NULL,NULL,NULL,NULL,NULL,'2026-05-16 21:06:58.000','unlocked',NULL,NULL,NULL,NULL,NULL,NULL,'2026-05-16 21:06:32.000','2026-05-16 21:14:22.000'),(249,'ORDER-1778936792165-003',1,204,3,'693d6eb0000000001b033d62','http://xhslink.com/o/2Ta3y3ujlrR','大泉州婚礼跟拍最卷报价表','摄影师-玖月','https://sns-avatar-qc.xhscdn.com/avatar/1040g2jo31uo3l62aia605q2ctp9n9fhv5gqiat8?imageView2/2/w/80/format/jpg','view',1000,1000,0,'0.0000',0,'completed','629475','completed','1.0000',1000,NULL,NULL,NULL,NULL,NULL,NULL,'2026-05-16 21:06:58.000','unlocked',NULL,NULL,NULL,NULL,NULL,NULL,'2026-05-16 21:06:32.000','2026-05-16 21:14:22.000'),(250,'ORDER-1778936792165-004',1,204,4,'69be9bb900000000280085ed','http://xhslink.com/o/9gp1ICPDLS7','赞爆朋友圈的领证跟拍','摄影师-玖月','https://sns-avatar-qc.xhscdn.com/avatar/1040g2jo31uo3l62aia605q2ctp9n9fhv5gqiat8?imageView2/2/w/80/format/jpg','view',1000,1000,0,'0.0000',0,'completed','629473','completed','1.0000',1000,NULL,NULL,NULL,NULL,NULL,NULL,'2026-05-16 21:06:58.000','unlocked',NULL,NULL,NULL,NULL,NULL,NULL,'2026-05-16 21:06:32.000','2026-05-16 21:14:22.000'),(251,'ORDER-1778936814038-001',1,205,1,'6a081953000000003501efc6','https://www.xiaohongshu.com/explore/6a081953000000003501efc6','ui ','ay','https://sns-avatar-qc.xhscdn.com/avatar/1040g2jo31mfnuo356g005q64v31mcc4vndjqv2o?imageView2/2/w/80/format/jpg','view',1000,1000,0,'0.0000',0,'completed','629476','completed','1.0000',1000,NULL,NULL,NULL,NULL,NULL,NULL,'2026-05-16 21:06:58.000','unlocked',NULL,NULL,NULL,NULL,NULL,NULL,'2026-05-16 21:06:54.000','2026-05-16 21:14:22.000'),(286,'ORDER-1778937000653-001',1,233,1,'6a081953000000003501efc6','https://www.xiaohongshu.com/explore/6a081953000000003501efc6','ui ','ay','https://sns-avatar-qc.xhscdn.com/avatar/1040g2jo31mfnuo356g005q64v31mcc4vndjqv2o?imageView2/2/w/80/format/jpg','view',1000,0,0,'0.0000',0,'failed',NULL,NULL,'0.0000',0,NULL,NULL,'XHS task create failed: 数据库已经有当前笔记任务在执行',NULL,NULL,NULL,NULL,'unlocked',NULL,NULL,NULL,NULL,NULL,NULL,'2026-05-16 21:09:57.000','2026-05-16 21:09:57.000'),(389,'ORDER-1778937475864-001',1,316,1,'6a081953000000003501efc6','https://www.xiaohongshu.com/explore/6a081953000000003501efc6','ui ','ay','https://sns-avatar-qc.xhscdn.com/avatar/1040g2jo31mfnuo356g005q64v31mcc4vndjqv2o?imageView2/2/w/80/format/jpg','like',100,100,0,'0.0000',1,'repair_review','40473','completed','1.0000',100,NULL,NULL,'Actual delivery snapshot is unavailable after upstream completion; please review manually',NULL,NULL,NULL,'2026-05-16 21:18:01.000','unlocked',NULL,NULL,NULL,NULL,NULL,NULL,'2026-05-16 21:17:55.000','2026-05-16 21:30:48.000'),(390,'ORDER-1778937489235-001',1,317,1,'6a081953000000003501efc6','https://www.xiaohongshu.com/explore/6a081953000000003501efc6','ui ','ay','https://sns-avatar-qc.xhscdn.com/avatar/1040g2jo31mfnuo356g005q64v31mcc4vndjqv2o?imageView2/2/w/80/format/jpg','view',100,0,0,'0.0000',0,'failed',NULL,NULL,'0.0000',0,NULL,NULL,'XHS task create failed: 数据库已经有当前笔记任务在执行',NULL,NULL,NULL,NULL,'unlocked',NULL,NULL,NULL,NULL,NULL,NULL,'2026-05-16 21:18:06.000','2026-05-16 21:18:06.000'),(391,'ORDER-1778937495252-001',1,318,1,'6a081953000000003501efc6','https://www.xiaohongshu.com/explore/6a081953000000003501efc6','ui ','ay','https://sns-avatar-qc.xhscdn.com/avatar/1040g2jo31mfnuo356g005q64v31mcc4vndjqv2o?imageView2/2/w/80/format/jpg','like',100,100,0,'0.0000',1,'repair_review','40474','completed','1.0000',100,NULL,NULL,'Actual delivery snapshot is unavailable after upstream completion; please review manually',NULL,NULL,NULL,'2026-05-16 21:22:34.000','unlocked',NULL,NULL,NULL,NULL,NULL,NULL,'2026-05-16 21:18:15.000','2026-05-16 21:37:19.000'),(392,'ORDER-1778937502764-001',1,319,1,'6a081953000000003501efc6','https://www.xiaohongshu.com/explore/6a081953000000003501efc6','ui ','ay','https://sns-avatar-qc.xhscdn.com/avatar/1040g2jo31mfnuo356g005q64v31mcc4vndjqv2o?imageView2/2/w/80/format/jpg','impression',100,100,0,'0.0000',1,'repair_review','23885','completed','1.0000',100,NULL,NULL,'Actual delivery snapshot is unavailable after upstream completion; please review manually',NULL,NULL,NULL,'2026-05-16 21:18:25.000','unlocked',NULL,NULL,NULL,NULL,NULL,NULL,'2026-05-16 21:18:22.000','2026-05-16 21:30:12.000'),(568,'ORDER-1778938221224-001',1,460,1,'6a081953000000003501efc6','https://www.xiaohongshu.com/explore/6a081953000000003501efc6','ui ','ay','https://sns-avatar-qc.xhscdn.com/avatar/1040g2jo31mfnuo356g005q64v31mcc4vndjqv2o?imageView2/2/w/80/format/jpg','view',50,50,0,'0.0000',0,'completed','630065','completed','1.0000',50,NULL,NULL,NULL,NULL,NULL,NULL,'2026-05-16 21:30:24.000','unlocked',NULL,NULL,NULL,NULL,NULL,NULL,'2026-05-16 21:30:21.000','2026-05-16 21:39:42.000'),(755,'ORDER-1778938897680-001',1,612,1,'6a081953000000003501efc6','https://www.xiaohongshu.com/explore/6a081953000000003501efc6','ui ','ay','https://sns-avatar-qc.xhscdn.com/avatar/1040g2jo31mfnuo356g005q64v31mcc4vndjqv2o?imageView2/2/w/80/format/jpg','like',100,100,0,'0.0000',0,'completed','40549','completed','1.0000',100,NULL,NULL,NULL,NULL,NULL,NULL,'2026-05-16 21:41:42.000','unlocked',NULL,NULL,NULL,NULL,NULL,NULL,'2026-05-16 21:41:38.000','2026-05-16 21:47:58.000'),(820,'ORDER-1778939370263-001',1,663,1,'6a081953000000003501efc6','https://www.xiaohongshu.com/explore/6a081953000000003501efc6','ui ','ay','https://sns-avatar-qc.xhscdn.com/avatar/1040g2jo31mfnuo356g005q64v31mcc4vndjqv2o?imageView2/2/w/80/format/jpg','like',20,20,0,'0.0000',0,'completed','40551','completed','1.0000',20,NULL,NULL,NULL,NULL,NULL,NULL,'2026-05-16 21:50:03.000','unlocked',NULL,NULL,NULL,NULL,NULL,NULL,'2026-05-16 21:49:30.000','2026-05-16 21:56:15.000'),(821,'ORDER-1778939474655-001',1,664,1,'6a081953000000003501efc6','https://www.xiaohongshu.com/explore/6a081953000000003501efc6','ui ','ay','https://sns-avatar-qc.xhscdn.com/avatar/1040g2jo31mfnuo356g005q64v31mcc4vndjqv2o?imageView2/2/w/80/format/jpg','like',20,20,0,'0.0000',0,'completed','40552','completed','1.0000',20,NULL,NULL,NULL,NULL,NULL,NULL,'2026-05-16 21:51:16.000','unlocked',NULL,NULL,NULL,NULL,NULL,NULL,'2026-05-16 21:51:15.000','2026-05-16 21:56:17.000'),(854,'ORDER-1778939976113-001',1,690,1,'6a081953000000003501efc6','https://www.xiaohongshu.com/explore/6a081953000000003501efc6','ui ','ay','https://sns-avatar-qc.xhscdn.com/avatar/1040g2jo31mfnuo356g005q64v31mcc4vndjqv2o?imageView2/2/w/80/format/jpg','view',10,10,0,'0.0000',1,'running','12345','running','0.5000',10,NULL,NULL,NULL,0,0,NULL,'2026-05-16 22:05:44.000','unlocked',NULL,NULL,NULL,NULL,NULL,NULL,'2026-05-16 21:59:36.000','2026-05-16 22:06:32.000'),(855,'ORDER-1778940017798-001',1,691,1,'6a081953000000003501efc6','https://www.xiaohongshu.com/explore/6a081953000000003501efc6','ui ','ay','https://sns-avatar-qc.xhscdn.com/avatar/1040g2jo31mfnuo356g005q64v31mcc4vndjqv2o?imageView2/2/w/80/format/jpg','like',10,10,0,'0.0000',0,'refund_requested','40553','completed','1.0000',10,NULL,NULL,NULL,0,NULL,NULL,'2026-05-16 22:00:24.000','unlocked',NULL,'2026-05-16 22:01:13.000','2026-05-16 22:01:13.000',NULL,'2026-05-17 22:01:13.000',NULL,'2026-05-16 22:00:18.000','2026-05-16 22:01:13.000');
DROP TABLE IF EXISTS `permissions`;
CREATE TABLE `permissions` (
  `id` int unsigned NOT NULL AUTO_INCREMENT,
  `code` varchar(100) NOT NULL,
  `name` varchar(100) NOT NULL,
  PRIMARY KEY (`id`),
  UNIQUE KEY `code` (`code`)
) ENGINE=InnoDB AUTO_INCREMENT=9921 DEFAULT CHARSET=utf8mb4 COLLATE=utf8mb4_0900_ai_ci;
INSERT INTO `permissions` (`id`,`code`,`name`) VALUES (1,'AC_100100','Common action'),(3,'AC_100110','Create action'),(5,'AC_100120','Update action'),(7,'AC_100010','Read action'),(9,'AC_DASHBOARD_ANALYTICS','Dashboard analytics page'),(11,'AC_DASHBOARD_WORKSPACE','Dashboard workspace page'),(13,'AC_DEMOS_VIEW','Demos pages'),(15,'AC_SYSTEM_ADMIN','System admin pages');
DROP TABLE IF EXISTS `role_permissions`;
CREATE TABLE `role_permissions` (
  `role_id` int unsigned NOT NULL,
  `permission_id` int unsigned NOT NULL,
  PRIMARY KEY (`role_id`,`permission_id`),
  KEY `fk_role_permissions_permission` (`permission_id`),
  CONSTRAINT `fk_role_permissions_permission` FOREIGN KEY (`permission_id`) REFERENCES `permissions` (`id`) ON DELETE CASCADE,
  CONSTRAINT `fk_role_permissions_role` FOREIGN KEY (`role_id`) REFERENCES `roles` (`id`) ON DELETE CASCADE
) ENGINE=InnoDB DEFAULT CHARSET=utf8mb4 COLLATE=utf8mb4_0900_ai_ci;
INSERT INTO `role_permissions` (`role_id`,`permission_id`) VALUES (1,1),(1,3),(1,5),(1,7),(3,7),(1,9),(1,11),(3,11),(5,11),(1,13),(1,15),(3,15);
DROP TABLE IF EXISTS `roles`;
CREATE TABLE `roles` (
  `id` int unsigned NOT NULL AUTO_INCREMENT,
  `code` varchar(50) NOT NULL,
  `name` varchar(100) NOT NULL,
  PRIMARY KEY (`id`),
  UNIQUE KEY `code` (`code`)
) ENGINE=InnoDB AUTO_INCREMENT=3721 DEFAULT CHARSET=utf8mb4 COLLATE=utf8mb4_0900_ai_ci;
INSERT INTO `roles` (`id`,`code`,`name`) VALUES (1,'super','Super Administrator'),(3,'admin','Administrator'),(5,'user','User');
DROP TABLE IF EXISTS `system_configs`;
CREATE TABLE `system_configs` (
  `id` bigint unsigned NOT NULL AUTO_INCREMENT COMMENT '主键ID',
  `config_group` varchar(64) NOT NULL COMMENT '配置分组',
  `config_key` varchar(128) NOT NULL COMMENT '配置键',
  `config_value` json NOT NULL COMMENT '配置值',
  `status` varchar(32) NOT NULL DEFAULT 'active' COMMENT '配置状态',
  `description` varchar(255) DEFAULT NULL COMMENT '配置说明',
  `version` bigint unsigned NOT NULL DEFAULT '1' COMMENT '配置版本',
  `created_at` datetime NOT NULL DEFAULT CURRENT_TIMESTAMP COMMENT '创建时间',
  `updated_at` datetime NOT NULL DEFAULT CURRENT_TIMESTAMP ON UPDATE CURRENT_TIMESTAMP COMMENT '更新时间',
  PRIMARY KEY (`id`),
  UNIQUE KEY `uk_system_configs_group_key` (`config_group`,`config_key`)
) ENGINE=InnoDB AUTO_INCREMENT=4769 DEFAULT CHARSET=utf8mb4 COLLATE=utf8mb4_0900_ai_ci COMMENT='系统配置表';
INSERT INTO `system_configs` (`id`,`config_group`,`config_key`,`config_value`,`status`,`description`,`version`,`created_at`,`updated_at`) VALUES (1,'pricing','view_unit_price',`value` = 0.01,'active','View unit price',1,'2026-05-15 15:40:24.000','2026-05-15 15:40:24.000'),(2,'pricing','impression_unit_price',`value` = 0.01,'active','Impression unit price',1,'2026-05-15 15:40:24.000','2026-05-15 15:40:24.000'),(3,'system','view_submit_enabled',`enabled` = true,'active','Enable view orders',1,'2026-05-15 15:40:24.000','2026-05-15 15:40:24.000'),(4,'system','impression_submit_enabled',`enabled` = true,'active','Enable impression orders',1,'2026-05-15 15:40:24.000','2026-05-15 15:40:24.000');
DROP TABLE IF EXISTS `user_roles`;
CREATE TABLE `user_roles` (
  `user_id` int unsigned NOT NULL,
  `role_id` int unsigned NOT NULL,
  PRIMARY KEY (`user_id`,`role_id`),
  KEY `fk_user_roles_role` (`role_id`),
  CONSTRAINT `fk_user_roles_role` FOREIGN KEY (`role_id`) REFERENCES `roles` (`id`) ON DELETE CASCADE,
  CONSTRAINT `fk_user_roles_user` FOREIGN KEY (`user_id`) REFERENCES `users` (`id`) ON DELETE CASCADE
) ENGINE=InnoDB DEFAULT CHARSET=utf8mb4 COLLATE=utf8mb4_0900_ai_ci;
INSERT INTO `user_roles` (`user_id`,`role_id`) VALUES (1,1),(1069,1),(1,3),(1003,3),(1006,3),(1009,3),(1013,3),(1018,3),(1022,3),(1034,3),(1069,3),(1071,3),(1084,3),(1093,3),(1106,3),(1111,3),(1120,3),(1146,3),(1155,3),(1164,3),(1173,3),(1182,3),(1191,3),(1200,3),(1209,3),(1218,3),(1228,3),(1236,3),(1245,3),(1254,3),(1263,3),(1272,3),(1281,3),(1290,3),(1299,3),(1308,3),(1317,3),(1326,3),(1335,3),(1344,3),(1353,3),(3,5),(4,5),(5,5),(6,5),(7,5),(8,5),(9,5),(10,5),(11,5),(12,5),(13,5),(14,5),(35,5),(72,5),(105,5),(110,5),(123,5),(136,5),(161,5),(194,5),(231,5),(312,5),(321,5),(414,5),(423,5),(472,5),(513,5),(538,5),(575,5),(636,5),(685,5),(726,5),(771,5),(1000,5),(1001,5),(1002,5),(1004,5),(1005,5),(1007,5),(1008,5),(1010,5),(1011,5),(1012,5),(1014,5),(1015,5),(1016,5),(1017,5),(1019,5),(1020,5),(1021,5),(1023,5),(1024,5),(1025,5),(1026,5),(1027,5),(1028,5),(1029,5),(1030,5),(1031,5),(1032,5),(1033,5),(1035,5),(1036,5),(1069,5),(1070,5),(1072,5),(1073,5),(1078,5),(1083,5),(1085,5),(1086,5),(1087,5),(1092,5),(1094,5),(1095,5),(1096,5),(1105,5),(1107,5),(1108,5),(1109,5),(1110,5),(1112,5),(1113,5),(1118,5),(1119,5),(1121,5),(1122,5),(1123,5),(1140,5),(1145,5),(1147,5),(1148,5),(1149,5),(1154,5),(1156,5),(1157,5),(1158,5),(1163,5),(1165,5),(1166,5),(1167,5),(1172,5),(1174,5),(1175,5),(1176,5),(1181,5),(1183,5),(1184,5),(1185,5),(1190,5),(1192,5),(1193,5),(1194,5),(1199,5),(1201,5),(1202,5),(1203,5),(1208,5),(1210,5),(1211,5),(1212,5),(1217,5),(1219,5),(1220,5),(1221,5),(1226,5),(1227,5),(1229,5),(1230,5),(1235,5),(1237,5),(1238,5),(1239,5),(1244,5),(1246,5),(1247,5),(1248,5),(1253,5),(1255,5),(1256,5),(1257,5),(1262,5),(1264,5),(1265,5),(1266,5),(1271,5),(1273,5),(1274,5),(1275,5),(1280,5),(1282,5),(1283,5),(1284,5),(1289,5),(1291,5),(1292,5),(1293,5),(1298,5),(1300,5);
INSERT INTO `user_roles` (`user_id`,`role_id`) VALUES (1301,5),(1302,5),(1307,5),(1309,5),(1310,5),(1311,5),(1316,5),(1318,5),(1319,5),(1320,5),(1325,5),(1327,5),(1328,5),(1329,5),(1334,5),(1336,5),(1337,5),(1338,5),(1343,5),(1345,5),(1346,5),(1347,5),(1352,5),(1354,5),(1355,5),(1356,5);
DROP TABLE IF EXISTS `users`;
CREATE TABLE `users` (
  `id` int unsigned NOT NULL AUTO_INCREMENT COMMENT 'id唯一编号',
  `username` varchar(100) NOT NULL COMMENT '登录用户名',
  `password_hash` varchar(255) CHARACTER SET utf8mb4 COLLATE utf8mb4_0900_ai_ci NOT NULL COMMENT '密码',
  `created_at` timestamp NOT NULL DEFAULT CURRENT_TIMESTAMP COMMENT '创建时间',
  `real_name` varchar(100) NOT NULL DEFAULT '' COMMENT '真实姓名',
  `home_path` varchar(255) NOT NULL DEFAULT '/analytics' COMMENT '登录后首页路径',
  `user_no` varchar(32) DEFAULT NULL COMMENT '用户业务编号',
  `nickname` varchar(64) DEFAULT NULL COMMENT '用户昵称',
  `status` varchar(32) NOT NULL DEFAULT 'active' COMMENT '用户状态',
  `discount_rate` decimal(10,4) NOT NULL DEFAULT '1.0000' COMMENT '阅读业务折扣率',
  `impression_discount_rate` decimal(10,4) NOT NULL DEFAULT '1.0000' COMMENT '曝光业务折扣率',
  `price_mode` varchar(32) NOT NULL DEFAULT 'discount',
  `impression_price_mode` varchar(32) NOT NULL DEFAULT 'discount',
  `fixed_unit_price` decimal(18,4) DEFAULT NULL,
  `impression_fixed_unit_price` decimal(18,4) DEFAULT NULL,
  PRIMARY KEY (`id`),
  UNIQUE KEY `username` (`username`)
) ENGINE=InnoDB AUTO_INCREMENT=1357 DEFAULT CHARSET=utf8mb4 COLLATE=utf8mb4_0900_ai_ci COMMENT='系统用户表';
INSERT INTO `users` (`id`,`username`,`password_hash`,`created_at`,`real_name`,`home_path`,`user_no`,`nickname`,`status`,`discount_rate`,`impression_discount_rate`,`price_mode`,`impression_price_mode`,`fixed_unit_price`,`impression_fixed_unit_price`) VALUES (1,'admin','$2b$10$NoURf0V4YTqDhc1181n89.LnKmaOjnp1BjOT1Kww8UcByB7/DGlcW','2026-05-15 14:26:10.000','Admin','/analytics','U000001','Admin','active','1.0000','1.0000','default','default','30.0000','10.0000'),(3,'tester_1778829472550','$2b$10$eeVasdhDCDe8kt/W1W5yee0TI2UmfJDpazfPnDjB4U1JIvXQDP2jG','2026-05-15 15:17:52.000','tester_1778829472550','/analytics','U000003','tester_1778829472550','active','1.0000','1.0000','discount','discount',NULL,NULL),(4,'tester_1778829516732','$2b$10$O6ZJl05dyE5Ex8vbv6GeH.NIqziwLYeI9BZ9oK8F67cduv2yv4hmG','2026-05-15 15:18:36.000','tester_1778829516732','/analytics','U000004','tester_1778829516732','active','1.0000','1.0000','discount','discount',NULL,NULL),(5,'front_1778829540703','$2b$10$9z6HMbVPuvpjHrxVlEhBr.vGlz6GYQM71xtayrV7rdWnS0wFBfQfa','2026-05-15 15:19:00.000','front_1778829540703','/analytics','U000005','front_1778829540703','active','1.0000','1.0000','discount','discount',NULL,NULL),(6,'admin_text','$2b$10$09e4n6gOmVt6R/TFoC08MeBFrAhPNsZHZD1vqm4rKDsDqJXKkYfkO','2026-05-15 15:19:38.000','admin_text','/analytics','U000006','admin_text','active','1.0000','1.0000','discount','discount',NULL,NULL),(7,'tester_1778829626038','$2b$10$OtJAx6OT3SCbFnPCRSiWXOZofP2G6br3qESqZqMMMh42UwBqOtA2e','2026-05-15 15:20:26.000','tester_1778829626038','/analytics','U000007','tester_1778829626038','active','1.0000','1.0000','discount','discount',NULL,NULL),(8,'low_1778829649078','$2b$10$Ar7XSGpOD5vIzTROGT0gN.qKOn/VZe1hCNXld/51p7G/SFCr.hOGW','2026-05-15 15:20:49.000','low_1778829649078','/analytics','U000008','low_1778829649078','active','1.0000','1.0000','discount','discount',NULL,NULL),(9,'admin1','$2b$10$.isqja/5GNURlyP/rS4SEOylrIcbYcYLxHrvtRtK4oFVQPfoWq4gK','2026-05-15 15:21:54.000','admin1','/analytics','U000009','admin1','active','1.0000','1.0000','discount','discount',NULL,NULL),(10,'tester_1778829833481','$2b$10$b0Ptkblwg6y43f1pslZB5.yRce2HBkE55Vv6V1kKJPIYu2JFquQAi','2026-05-15 15:23:53.000','tester_1778829833481','/analytics','U000010','tester_1778829833481','active','1.0000','1.0000','discount','discount',NULL,NULL),(11,'tester_1778829905081','$2b$10$LhJ4zqQi579ASjMhpE.Zmu0IdP10O3TWe5jV/.5Oo8NoqQYfkVgam','2026-05-15 15:25:05.000','tester_1778829905081','/analytics','U000011','tester_1778829905081','active','1.0000','1.0000','discount','discount',NULL,NULL),(12,'home_1778829933416','$2b$10$PpOVqfAqTUAFG1ep1ZK4oeTgWuYru/yGJy4X8d.yZtI96bmZteAIO','2026-05-15 15:25:33.000','home_1778829933416','/analytics','U000012','home_1778829933416','active','1.0000','1.0000','discount','discount',NULL,NULL),(13,'tester_1778830894169','$2b$10$C.JKxxWapQ99pDx0DEE0Ne8EvSoZrF.aogZmLSobYbR32s6R6cH/u','2026-05-15 15:41:34.000','tester_1778830894169','/analytics','U000013','tester_1778830894169','active','1.0000','1.0000','discount','discount',NULL,NULL),(14,'tester_1778830992940','$2b$10$fE.0wFf84bsbTPzpFelqCOe5yPIVmo2V/G7Ob7T7A6rHOYT/bkMUm','2026-05-15 15:43:12.000','tester_1778830992940','/analytics','U000014','tester_1778830992940','active','1.0000','1.0000','discount','discount',NULL,NULL),(35,'tester_1778832367334','$2b$10$Z3psDnkEIAH06fUWaAFWoO5lU4ZMg/VpoS5TXmSi5m8eFw2YwDofu','2026-05-15 16:06:07.000','tester_1778832367334','/analytics','U000035','tester_1778832367334','active','1.0000','1.0000','discount','discount',NULL,NULL),(72,'tester_1778832626720','$2b$10$nfpng1wpBuer57tKx4r76usJqmjLvrLMJpvAI/gbT3p2o.frnuUb.','2026-05-15 16:10:26.000','tester_1778832626720','/analytics','U000072','tester_1778832626720','active','1.0000','1.0000','discount','discount',NULL,NULL),(105,'tester_1778833384328','$2b$10$NO8b24sJa/TcpcZgRlsATewrL4RSKlvgN44K4ihlRSMNdl1Bp6RHy','2026-05-15 16:23:04.000','tester_1778833384328','/analytics','U000105','tester_1778833384328','active','1.0000','1.0000','discount','discount',NULL,NULL),(110,'menu_1778833416422','$2b$10$hsQOooJItnO5J2XyDVqnAurW8RalCQJDyfD./o6uW9/Rpvj5StZRG','2026-05-15 16:23:36.000','menu_1778833416422','/analytics','U000110','menu_1778833416422','active','1.0000','1.0000','discount','discount',NULL,NULL),(123,'tester_1778833513240','$2b$10$CJ9owc5WzGXKlcqPfuodROjrIwV9qYjjCCBiB9h9yzwPWoiYIfl8.','2026-05-15 16:25:13.000','tester_1778833513240','/analytics','U000123','tester_1778833513240','active','1.0000','1.0000','discount','discount',NULL,NULL),(136,'tester_1778833541649','$2b$10$5HJjWNcxjIH51OCSAXpv7.EvmqisuzTUtiqeIUEga4/bdetcix95O','2026-05-15 16:25:41.000','tester_1778833541649','/analytics','U000136','tester_1778833541649','active','1.0000','1.0000','discount','discount',NULL,NULL),(161,'tester_1778833810995','$2b$10$g.Dv3vtQZsE06OIFZC4EZe20Oi6cJ9YILRWTPb9lcFO56PHb/0B9q','2026-05-15 16:30:11.000','tester_1778833810995','/analytics','U000161','tester_1778833810995','active','1.0000','1.0000','discount','discount',NULL,NULL),(194,'tester_1778834122448','$2b$10$gWPadmm8d8dmW1pTN0XhJuPdVfbQBe7jHk0gSya2lCtigsQdjoG0K','2026-05-15 16:35:22.000','tester_1778834122448','/analytics','U000194','tester_1778834122448','active','1.0000','1.0000','discount','discount',NULL,NULL),(231,'tester_1778834604953','$2b$10$kJrDBEEi574T798QFPifsem/YZsqTorc0VQANpDdBVZpjJx8wRhxO','2026-05-15 16:43:25.000','tester_1778834604953','/analytics','U000231','tester_1778834604953','active','1.0000','1.0000','discount','discount',NULL,NULL),(312,'tester_1778835316303','$2b$10$ZYhZ1gm1FtjkTCoUahUCuOG/SPwK19Y1lI7VSnO8iEtGkR7soaATi','2026-05-15 16:55:16.000','tester_1778835316303','/analytics','U000312','tester_1778835316303','active','1.0000','1.0000','discount','discount',NULL,NULL),(321,'tester_1778835439241','$2b$10$MBu1TEZoKeDmX6.Qv4F6rujMkiZ7B0OGR/WHiG/9VIfU/yp2aICOG','2026-05-15 16:57:19.000','tester_1778835439241','/analytics','U000321','tester_1778835439241','active','1.0000','1.0000','discount','discount',NULL,NULL),(414,'tester_1778837193431','$2b$10$XJ5mCdNPW1FxPNbtb4tJT.Pt7yElKxJXhOwgfjk4B8bquIURzAbr2','2026-05-15 17:26:33.000','tester_1778837193431','/analytics','U000414','tester_1778837193431','active','1.0000','1.0000','discount','discount',NULL,NULL),(423,'tester_1778837300778','$2b$10$vcDsp2/XsVT5BKdBhDRuMOHnu81pq3RVD9YDC5JSPg8XAMSCcqvo2','2026-05-15 17:28:20.000','tester_1778837300778','/analytics','U000423','tester_1778837300778','active','1.0000','1.0000','discount','discount',NULL,NULL),(472,'tester_1778838550227','$2b$10$p3j/Rpqrh93IBWCOAkAKBeluvCT.qMmQpJN.D/yMQaf39EhExIVQ2','2026-05-15 17:49:10.000','tester_1778838550227','/analytics','U000472','tester_1778838550227','active','1.0000','1.0000','discount','discount',NULL,NULL),(513,'tester_1778838797014','$2b$10$nEpPLEnlDC1D4jOToMYAiOTgBTB40i5cG.hCPkmE1gc2/2ZeaWFTC','2026-05-15 17:53:17.000','tester_1778838797014','/analytics','U000513','tester_1778838797014','active','1.0000','1.0000','discount','discount',NULL,NULL),(538,'tester_1778839189971','$2b$10$2mRkEauWDaUVT7C8d3z92eBI6NFiGaXDK.IZedLflKhJ4oPd9QUuq','2026-05-15 17:59:50.000','tester_1778839189971','/analytics','U000538','tester_1778839189971','active','1.0000','1.0000','discount','discount',NULL,NULL),(575,'tester_1778839563568','$2b$10$NrzyphG7BrYsSbqklvG3x.rFLxdMqfS7uVJP9vDmwoqvgTREG9jIC','2026-05-15 18:06:03.000','tester_1778839563568','/analytics','U000575','tester_1778839563568','active','1.0000','1.0000','discount','discount',NULL,NULL),(636,'tester_1778839772861','$2b$10$ypos2TrfnznKsreEXq5RtuOsgmt.R7ba0DspUWffVijTcPPnUC01a','2026-05-15 18:09:32.000','tester_1778839772861','/analytics','U000636','tester_1778839772861','active','1.0000','1.0000','discount','discount',NULL,NULL),(685,'tester_1778840019588','$2b$10$KkyaDtS9PLJd2a8h/BEXI.haIwrcW49gwyT97BLUZY0CGPy7tt/OW','2026-05-15 18:13:39.000','tester_1778840019588','/analytics','U000685','tester_1778840019588','active','1.0000','1.0000','discount','discount',NULL,NULL),(726,'tester_1778840265298','$2b$10$7T/h.dDW2Q0QDO8xcINduu9.j1Bl82tuDOl8sxiRQMI04.6g6w6fS','2026-05-15 18:17:45.000','tester_1778840265298','/analytics','U000726','tester_1778840265298','active','1.0000','1.0000','discount','discount',NULL,NULL),(771,'tester_1778840429685','$2b$10$kzwoDF3ePFq0OMpHKjGyrO225DJpH/nacHHE6hOHec/bq8kW5lAuC','2026-05-15 18:20:29.000','tester_1778840429685','/analytics','U000771','tester_1778840429685','active','1.0000','1.0000','discount','discount',NULL,NULL),(1000,'normal_1778845511401','$2b$10$uZIO3QnLPGdOqzZEDiBTXO3jhw5vkR5.bZEwK0xaB0lNKb0A1cHLy','2026-05-15 19:45:11.000','normal_1778845511401','/analytics','U001000','normal_1778845511401','active','1.0000','1.0000','discount','discount',NULL,NULL),(1001,'target_1778845511482','$2b$10$tqXuBGK595NEzFiAHAm9AO4F5FJGMHr9NWEYn.fHZE8JZPehfzwDi','2026-05-15 19:45:11.000','target_1778845511482','/analytics','U001001','target_1778845511482','active','1.0000','1.0000','discount','discount',NULL,NULL),(1002,'normal_1778845555772','$2b$10$9SLZJfxtRZZTspsqez71a.t3rrUB47SJ8RdhTWmaPOed.EasDxHie','2026-05-15 19:45:55.000','normal_1778845555772','/analytics','U001002','normal_1778845555772','active','1.0000','1.0000','discount','discount',NULL,NULL),(1003,'target_1778845555850','$2b$10$DZuXhyvNQ.gif1USYifREucbVQXqZASifh0rlB0y7YpqcEmUK4A2y','2026-05-15 19:45:55.000','target_1778845555850','/analytics','U001003','target_1778845555850','active','1.0000','1.0000','discount','discount',NULL,NULL),(1004,'tester_1778845717870','$2b$10$EUONUzwPfAgSn5rUdsbjzu2GkI3FbFvSz.GeCB6XoqmjslLHIFKdW','2026-05-15 19:48:37.000','tester_1778845717870','/analytics','U001004','tester_1778845717870','active','1.0000','1.0000','discount','discount',NULL,NULL),(1005,'normal_1778845719076','$2b$10$Wh1jN7mSefOTmGdWpuIiq.foqStUQ8Ir3dlEfJUXqiWyh.QSo2XoK','2026-05-15 19:48:39.000','normal_1778845719076','/analytics','U001005','normal_1778845719076','active','1.0000','1.0000','discount','discount',NULL,NULL),(1006,'target_1778845719145','$2b$10$WMGzqnBwEfXgZgFuXiC0nO3pxYp0634D/JSyqAoVMe9G1f70I9opq','2026-05-15 19:48:39.000','target_1778845719145','/analytics','U001006','target_1778845719145','active','1.0000','1.0000','discount','discount',NULL,NULL),(1007,'tester_1778846900386','$2b$10$mBf462cfu4/RlJzY9FjdrujkLFPKuz1v3ye5eAce9rWChryeJc18S','2026-05-15 20:08:20.000','tester_1778846900386','/analytics','U001007','tester_1778846900386','active','1.0000','1.0000','discount','discount',NULL,NULL),(1008,'normal_1778846901615','$2b$10$SRrh55jhxb8wadzp4i.gSuAgD7EDacYy.Hxy5BQtqyVdEBbsCMJpS','2026-05-15 20:08:21.000','normal_1778846901615','/analytics','U001008','normal_1778846901615','active','1.0000','1.0000','discount','discount',NULL,NULL),(1009,'target_1778846901685','$2b$10$U.29w9mVSMU576nDEbFjsea72t6cw41tkg8JR3djDFgyTx0akDPUe','2026-05-15 20:08:21.000','target_1778846901685','/analytics','U001009','target_1778846901685','active','1.0000','1.0000','discount','discount',NULL,NULL),(1010,'disabled_1778846901756','$2b$10$RkWvmM0O0dWXtn4L6Q50PesQRaEVcpt.Ui2.u7Y58HEmk31zLur5G','2026-05-15 20:08:21.000','disabled_1778846901756','/analytics','U001010','disabled_1778846901756','disabled','1.0000','1.0000','discount','discount',NULL,NULL),(1011,'tester_1778847334476','$2b$10$6ynVGIbCnbP0HEArfOOdVurdg2vKnljA..emjFgOTcdumqYxJ1l6.','2026-05-15 20:15:34.000','tester_1778847334476','/analytics','U001011','tester_1778847334476','active','1.0000','1.0000','discount','discount',NULL,NULL),(1012,'normal_1778847335773','$2b$10$FRnhLp0O30hg08ELTWNKV.7ZzABfzTjcBUxkeEmrV7BBcSFysdPAm','2026-05-15 20:15:35.000','normal_1778847335773','/analytics','U001012','normal_1778847335773','active','1.0000','1.0000','discount','discount',NULL,NULL),(1013,'target_1778847335844','$2b$10$eJeBRJFfnMHXvS.mhY2.P.iAHPuKF0BDYooE2FnuvNvCuB1qQsX5q','2026-05-15 20:15:35.000','target_1778847335844','/analytics','U001013','target_1778847335844','active','1.0000','1.0000','discount','discount',NULL,NULL),(1014,'disabled_1778847335919','$2b$10$iKmAPpjXIiBZTpbvy3K3oOwMoke0xR/vtIvCVf5Mcrqeo2Myr1mSi','2026-05-15 20:15:35.000','disabled_1778847335919','/analytics','U001014','disabled_1778847335919','disabled','1.0000','1.0000','discount','discount',NULL,NULL),(1015,'discount_1778847336046','$2b$10$JdrouSjF/DiLibSZ4ti1POzTbKQ29tdC5.ZvOFoX33S9cxrEDkJ6.','2026-05-15 20:15:36.000','discount_1778847336046','/analytics','U001015','discount_1778847336046','active','0.5000','0.8000','discount','discount',NULL,NULL),(1016,'tester_1778847715072','$2b$10$OgRr6GTPjw01maTMzff/ke7b.r4t14c22kdP/9NiknB/L6pkH5ibe','2026-05-15 20:21:55.000','tester_1778847715072','/analytics','U001016','tester_1778847715072','active','1.0000','1.0000','discount','discount',NULL,NULL),(1017,'normal_1778853218362','$2b$10$zS5gcBGxnNWqYXOzyZjNBedHLGwIB75eqa2DBz7gUg4N0XkfUATAa','2026-05-15 21:53:38.000','normal_1778853218362','/analytics','U001017','normal_1778853218362','active','1.0000','1.0000','discount','discount',NULL,NULL),(1018,'target_1778853218437','$2b$10$jRjAAzPaVQTalqzfmfy8deuGH/6/FQGhCVrP8HzqNmNXA8AlWDcau','2026-05-15 21:53:38.000','target_1778853218437','/analytics','U001018','target_1778853218437','active','1.0000','1.0000','discount','discount',NULL,NULL),(1019,'disabled_1778853218508','$2b$10$at/JMBHe46LpwUiyFkaS.uW9lApQIH/v2OaS.zSx2DKjq4rL0ZfMG','2026-05-15 21:53:38.000','disabled_1778853218508','/analytics','U001019','disabled_1778853218508','disabled','1.0000','1.0000','discount','discount',NULL,NULL),(1020,'discount_1778853218623','$2b$10$qkyf.DhNV/8Uv0n0lmIAfe5dlTxeShEP2e.u.86TRvUIIdv8vCEs.','2026-05-15 21:53:38.000','discount_1778853218623','/analytics','U001020','discount_1778853218623','active','0.5000','0.8000','discount','discount',NULL,NULL),(1021,'normal_1778853619873','$2b$10$O858FNj3V4/SrIml9.htr.egJ6S6xnm.PYdY6Zppdu8fITw6i/Jr2','2026-05-15 22:00:19.000','normal_1778853619873','/analytics','U001021','normal_1778853619873','active','1.0000','1.0000','discount','discount',NULL,NULL),(1022,'target_1778853619949','$2b$10$WQajvjL84qnwG0YQMUjolOgSdCDpthF/S5y/lPekyBDsFgTFrsXOy','2026-05-15 22:00:19.000','target_1778853619949','/analytics','U001022','target_1778853619949','active','1.0000','1.0000','discount','discount',NULL,NULL),(1023,'disabled_1778853620021','$2b$10$2kZUocgjv9/nBj3AuXNIEeN0HpjwmCSr1DayDUROh8TQZkH/qtlDG','2026-05-15 22:00:20.000','disabled_1778853620021','/analytics','U001023','disabled_1778853620021','disabled','1.0000','1.0000','discount','discount',NULL,NULL),(1024,'discount_1778853620141','$2b$10$it/1o1bEL4jVNVNlBy0.4ugTDxwN0waGwwIbqMS5nIuLgKWk9Vroi','2026-05-15 22:00:20.000','discount_1778853620141','/analytics','U001024','discount_1778853620141','active','0.5000','0.8000','discount','discount',NULL,NULL),(1025,'normal_1778854161263','$2b$10$Z65N1/Qkemha/WY3Qxpci.qwZ/ycwmZRsOP1DJWHD2Ra6BW.1f6G.','2026-05-15 22:09:21.000','normal_1778854161263','/analytics','U001025','normal_1778854161263','active','1.0000','1.0000','discount','discount',NULL,NULL),(1026,'target_1778854161339','$2b$10$ruVqiP4PSrTsAzuja8nIcO1Qs32x0WjlpoFmmrmojeFBVZnwlQmBO','2026-05-15 22:09:21.000','target_1778854161339','/analytics','U001026','target_1778854161339','active','1.0000','1.0000','discount','discount',NULL,NULL),(1027,'disabled_1778854161403','$2b$10$PEgNZQqzMLJeTGB51kfAFuHiE2DzDtNXg8BjzqoT/gSbcCbz6ITK2','2026-05-15 22:09:21.000','disabled_1778854161403','/analytics','U001027','disabled_1778854161403','disabled','1.0000','1.0000','discount','discount',NULL,NULL),(1028,'discount_1778854161513','$2b$10$dycTfW/hhwzUF.mzcPQe8OzH7ZBDsNnSR61noYmGObvoQ5eRjv1v.','2026-05-15 22:09:21.000','discount_1778854161513','/analytics','U001028','discount_1778854161513','active','0.5000','0.8000','discount','discount',NULL,NULL),(1029,'normal_1778854245013','$2b$10$LfeMKlSPdIW76iP1RVAmzeiXOBVvL3RE.rTiIfjTtj/80Z5mKu/WW','2026-05-15 22:10:45.000','normal_1778854245013','/analytics','U001029','normal_1778854245013','active','1.0000','1.0000','discount','discount',NULL,NULL),(1030,'target_1778854245091','$2b$10$aDHh.jooXOK2Le2xiJRWTO.LJe1n35r66FojXVNw2S6S.5b4co.Aa','2026-05-15 22:10:45.000','target_1778854245091','/analytics','U001030','target_1778854245091','active','1.0000','1.0000','discount','discount',NULL,NULL),(1031,'disabled_1778854245159','$2b$10$dPvuJxZg9okIZSKim143JeHVlJbc/gOudp27orhuvWqI891W.dm7m','2026-05-15 22:10:45.000','disabled_1778854245159','/analytics','U001031','disabled_1778854245159','disabled','1.0000','1.0000','discount','discount',NULL,NULL),(1032,'discount_1778854245273','$2b$10$DF/i2jd7emOifD3q379/KOQb4E54vRBmXfHo595TjEE7/rJY2bdJe','2026-05-15 22:10:45.000','discount_1778854245273','/analytics','U001032','discount_1778854245273','active','0.5000','0.8000','discount','discount',NULL,NULL),(1033,'normal_1778854281488','$2b$10$.6MmMyaQmcMNFJbr1keobuWg4YztP2AhJ1hwKf2BV2lYFyAyl5k6m','2026-05-15 22:11:21.000','normal_1778854281488','/analytics','U001033','normal_1778854281488','active','1.0000','1.0000','discount','discount',NULL,NULL),(1034,'target_1778854281575','$2b$10$Y1jNJL198KsuApkYuPlDFuOJExrAJl5WeLxkkr8bea8Z3Bn58as86','2026-05-15 22:11:21.000','target_1778854281575','/analytics','U001034','target_1778854281575','active','1.0000','1.0000','discount','discount',NULL,NULL),(1035,'disabled_1778854281653','$2b$10$ESDGgLchi8AWEOlaYEkxMeH2apQ7mPSBq6.GVXfmlrGIdHPAAStVK','2026-05-15 22:11:21.000','disabled_1778854281653','/analytics','U001035','disabled_1778854281653','disabled','1.0000','1.0000','discount','discount',NULL,NULL),(1036,'discount_1778854281769','$2b$10$bZZoblazvxw1Hy5GGnpPlulqEsH7LuwWhGhDacWV3.uEFO17IcTJG','2026-05-15 22:11:21.000','discount_1778854281769','/analytics','U001036','discount_1778854281769','active','0.5000','0.8000','discount','discount',NULL,NULL),(1069,'啊扬','$2b$10$LfGg0sG9nwOHnySezLchoeoOHN9hcy4ciZTZpZ6uQDENjchKVmT3i','2026-05-16 11:19:47.000','啊扬','/analytics','U001069','啊扬','active','1.0000','1.0000','discount','discount',NULL,NULL),(1070,'normal_1778909384531','$2b$10$8XwPHlwgshoqhnU6N0rENusPwOJbu1ff9vdCmZLpERZziRVPIlqfq','2026-05-16 13:29:44.000','normal_1778909384531','/analytics','U001070','normal_1778909384531','active','1.0000','1.0000','discount','discount',NULL,NULL),(1071,'target_1778909384618','$2b$10$fuxQ2n/PoAmKuDNmZ1fzYu/8Yada.Bo1f53S51PikGxGhy/3RTG5e','2026-05-16 13:29:44.000','target_1778909384618','/analytics','U001071','target_1778909384618','active','1.0000','1.0000','discount','discount',NULL,NULL),(1072,'disabled_1778909384692','$2b$10$30rg07n9n54TPvOSY1cRmuCYcA9AfpVl/pbVhP9FlOznL67torCb6','2026-05-16 13:29:44.000','disabled_1778909384692','/analytics','U001072','disabled_1778909384692','disabled','1.0000','1.0000','discount','discount',NULL,NULL),(1073,'discount_1778909384816','$2b$10$9MqJwcbuTLHHc2JS.5DTLuANLRfpdkEb5eUzpCR32iaEEPrCBQeKm','2026-05-16 13:29:44.000','discount_1778909384816','/analytics','U001073','discount_1778909384816','active','0.5000','0.8000','discount','discount',NULL,NULL),(1078,'tester_1778909388273','$2b$10$zsJnoJfurxJQUH802bDPue10ccPkFehcUg2GMt6UU5UAg2MmyQoRm','2026-05-16 13:29:48.000','tester_1778909388273','/analytics','U001078','tester_1778909388273','active','1.0000','1.0000','discount','discount',NULL,NULL),(1083,'normal_1778909469425','$2b$10$4qA7EUetu6RHRUHnKrNxQuheWF1B1SEn1FKw/6l4DBqFvXulP2SHu','2026-05-16 13:31:09.000','normal_1778909469425','/analytics','U001083','normal_1778909469425','active','1.0000','1.0000','discount','discount',NULL,NULL),(1084,'target_1778909469513','$2b$10$rWZ4D00BVSl.3QlchN89qOcez9F9c21HInCF6Kg9FJq2bAMxubhfq','2026-05-16 13:31:09.000','target_1778909469513','/analytics','U001084','target_1778909469513','active','1.0000','1.0000','discount','discount',NULL,NULL),(1085,'disabled_1778909469584','$2b$10$HmNnIT9xxadtQMzVEWYwz.zYszCrBIDLoSWC.MdE6t9VWhi3XlPfC','2026-05-16 13:31:09.000','disabled_1778909469584','/analytics','U001085','disabled_1778909469584','disabled','1.0000','1.0000','discount','discount',NULL,NULL),(1086,'discount_1778909469692','$2b$10$uW64R9Jew2fblSMdU3m7oepQSoYU3H1QO2/wDd8wjz7ypmYN7IZha','2026-05-16 13:31:09.000','discount_1778909469692','/analytics','U001086','discount_1778909469692','active','0.5000','0.8000','discount','discount',NULL,NULL),(1087,'tester_1778909470638','$2b$10$fazS19RDck2gSmHBh1oxa.rmmzIJ5i.JifEFuSnKH.SzVxpR3aNmK','2026-05-16 13:31:10.000','tester_1778909470638','/analytics','U001087','tester_1778909470638','active','1.0000','1.0000','discount','discount',NULL,NULL),(1092,'normal_1778909582075','$2b$10$DVF8rG6bXyCO5W12tlgkiuN2ODrd3tkjjWIRuU2L56HDOaan5Ck0C','2026-05-16 13:33:02.000','normal_1778909582075','/analytics','U001092','normal_1778909582075','active','1.0000','1.0000','discount','discount',NULL,NULL),(1093,'target_1778909582146','$2b$10$UY.3GHngOAiotc8UbjlVre/snwRw7bZI7C30KS22663VbYOL1XC82','2026-05-16 13:33:02.000','target_1778909582146','/analytics','U001093','target_1778909582146','active','1.0000','1.0000','discount','discount',NULL,NULL),(1094,'disabled_1778909582217','$2b$10$FAIXmWaclg4W0H6ZtjjXI.QEX8kOFfpmbWHbLeb5ULZTJFkGbhCiO','2026-05-16 13:33:02.000','disabled_1778909582217','/analytics','U001094','disabled_1778909582217','disabled','1.0000','1.0000','discount','discount',NULL,NULL),(1095,'discount_1778909582329','$2b$10$8o4ldfq2P7EoqTBlprx4y.CuZQz0gRSnO8RfZaSBM6j.Bmv42xfmi','2026-05-16 13:33:02.000','discount_1778909582329','/analytics','U001095','discount_1778909582329','active','0.5000','0.8000','discount','discount',NULL,NULL),(1096,'tester_1778909583301','$2b$10$8ijdj0.S7WsRckdgy6IX0ekbhvro5DypJF6lFtEg8V55zq1htogRa','2026-05-16 13:33:03.000','tester_1778909583301','/analytics','U001096','tester_1778909583301','active','1.0000','1.0000','discount','discount',NULL,NULL),(1105,'normal_1778909776473','$2b$10$stduQISo/ixij/h4h5c5VeX4dSyAMWd1jgTjgD6xv6GtsJEf2j3tG','2026-05-16 13:36:16.000','normal_1778909776473','/analytics','U001105','normal_1778909776473','active','1.0000','1.0000','discount','discount',NULL,NULL),(1106,'target_1778909776545','$2b$10$zsSK2v8bNSAGmvAH5A.CAeLapFwwt/x6UQY1vmgRygzYC/7sXwzAC','2026-05-16 13:36:16.000','target_1778909776545','/analytics','U001106','target_1778909776545','active','1.0000','1.0000','discount','discount',NULL,NULL),(1107,'disabled_1778909776615','$2b$10$H7UBTTeVdPziaURi2GHxF.HKGKAQy8H89Y2VZO.ds85pC.iSTV8AS','2026-05-16 13:36:16.000','disabled_1778909776615','/analytics','U001107','disabled_1778909776615','disabled','1.0000','1.0000','discount','discount',NULL,NULL),(1108,'discount_1778909776725','$2b$10$4sijHqTYLosotOyn16c/Fe4zG/HlJZExVWqEzvWjJM4PD5rCD8OOq','2026-05-16 13:36:16.000','discount_1778909776725','/analytics','U001108','discount_1778909776725','active','0.5000','0.8000','discount','discount',NULL,NULL),(1109,'tester_1778909777722','$2b$10$.psVkiuwJ.C4Pv0jrSl8ieFk5Gct5A/safptbU44z51g108ek3jfW','2026-05-16 13:36:17.000','tester_1778909777722','/analytics','U001109','tester_1778909777722','active','1.0000','1.0000','discount','discount',NULL,NULL),(1110,'normal_1778910814425','$2b$10$aqDBGOx4b11RoiM9komAC.rP0AvyuwlNJUKoaFIy7FcQIqPm2eilu','2026-05-16 13:53:34.000','normal_1778910814425','/analytics','U001110','normal_1778910814425','active','1.0000','1.0000','discount','discount',NULL,NULL),(1111,'target_1778910814497','$2b$10$kya4HDaGiXNOdj4fynPQaucx2C8csGx0G9nhOod05EZReOigw26U2','2026-05-16 13:53:34.000','target_1778910814497','/analytics','U001111','target_1778910814497','active','1.0000','1.0000','discount','discount',NULL,NULL),(1112,'disabled_1778910814567','$2b$10$E/Cf1php.Z8R48Etz7YgTuHuGv2iUdZylrw7zqMj4SmOLZI8Jaa5G','2026-05-16 13:53:34.000','disabled_1778910814567','/analytics','U001112','disabled_1778910814567','disabled','1.0000','1.0000','discount','discount',NULL,NULL),(1113,'discount_1778910814678','$2b$10$QCju8yMsLn6vPEB5yxEjTO12zmIPCLMd75zcsJ1.mLu5cMP9Fdnc.','2026-05-16 13:53:34.000','discount_1778910814678','/analytics','U001113','discount_1778910814678','active','0.5000','0.8000','discount','discount',NULL,NULL),(1118,'tester_1778910816777','$2b$10$fviejB.6oInFiZag1iuZUO/SMCf6eV632MJTFrum9hN0yi3e7j6xG','2026-05-16 13:53:36.000','tester_1778910816777','/analytics','U001118','tester_1778910816777','active','1.0000','1.0000','discount','discount',NULL,NULL),(1119,'normal_1778911294017','$2b$10$i2whqer6rv7/AeG1uaQHcO6vmydhIZe1LCPng9giJx/3TiEC14D3a','2026-05-16 14:01:34.000','normal_1778911294017','/analytics','U001119','normal_1778911294017','active','1.0000','1.0000','discount','discount',NULL,NULL),(1120,'target_1778911294092','$2b$10$2XfnWwZ3d/Hg/cnifD8gPeqBuDBzkWe4mn.ayQhwPw/1VpKm2XyEe','2026-05-16 14:01:34.000','target_1778911294092','/analytics','U001120','target_1778911294092','active','1.0000','1.0000','discount','discount',NULL,NULL),(1121,'disabled_1778911294167','$2b$10$wnEIQL5SXNzyjA8Gl3r8ie8IDW6ZiLBiVwvEP3jR67LZGBDe5EEYa','2026-05-16 14:01:34.000','disabled_1778911294167','/analytics','U001121','disabled_1778911294167','disabled','1.0000','1.0000','discount','discount',NULL,NULL),(1122,'discount_1778911294281','$2b$10$Gb06pYqLZ7KYKgvk5YH8EuIyEcyPLjQxyLxw8bgwIJ62pRgvuHDqe','2026-05-16 14:01:34.000','discount_1778911294281','/analytics','U001122','discount_1778911294281','active','0.5000','0.8000','discount','discount',NULL,NULL),(1123,'tester_1778911295298','$2b$10$4YnQdII7YKvqhM9Yy6.vSeU/DlCQAhc.OZXXBw6byXgfd8Vo30Nqu','2026-05-16 14:01:35.000','tester_1778911295298','/analytics','U001123','tester_1778911295298','active','1.0000','1.0000','discount','discount',NULL,NULL),(1140,'ay1','$2b$10$HMv2BRcOTbq2kFZQwSLcB.FitS9.g.dhSwdP2ztKxi.OZyv5xWw.2','2026-05-16 19:22:06.000','ay1','/analytics','U001140','ay1','active','1.0000','1.0000','discount','discount',NULL,NULL),(1145,'normal_1778936010996','$2b$10$xzTzPpAZXbG4OJZi36d0jOtmAvKCY.V9zdNcbhRKAh75NljQZBaoe','2026-05-16 20:53:31.000','normal_1778936010996','/analytics','U001145','normal_1778936010996','active','1.0000','1.0000','discount','discount',NULL,NULL),(1146,'target_1778936011077','$2b$10$9spYBlioKiaNeb.yp898jOl334IzC1GOTaHbi65BVttgPfnpPkY1O','2026-05-16 20:53:31.000','target_1778936011077','/analytics','U001146','target_1778936011077','active','1.0000','1.0000','discount','discount',NULL,NULL),(1147,'disabled_1778936011145','$2b$10$YAot72AuNJB1v92zsi/6LOEX1Y7uL3nXECu.XIE4BVmee7Z/9I7F.','2026-05-16 20:53:31.000','disabled_1778936011145','/analytics','U001147','disabled_1778936011145','disabled','1.0000','1.0000','discount','discount',NULL,NULL),(1148,'discount_1778936011265','$2b$10$unRYxesag6EjimQkAPU6oOjP4YBADg2iO6cMORAkBiopnlArEu.LK','2026-05-16 20:53:31.000','discount_1778936011265','/analytics','U001148','discount_1778936011265','active','0.5000','0.8000','discount','discount',NULL,NULL),(1149,'tester_1778936012265','$2b$10$mrgBUmIEjQoJeYQ1GMGd9us9jt.Yviu4D8zdaNNaiTk6JjH7awMeS','2026-05-16 20:53:32.000','tester_1778936012265','/analytics','U001149','tester_1778936012265','active','1.0000','1.0000','discount','discount',NULL,NULL),(1154,'normal_1778936182277','$2b$10$5sJvFt7MSYiI/.ppvPZ/Ne9eo27h689f77PNjllZW8xL7We2Vt5rO','2026-05-16 20:56:22.000','normal_1778936182277','/analytics','U001154','normal_1778936182277','active','1.0000','1.0000','discount','discount',NULL,NULL),(1155,'target_1778936182348','$2b$10$WZtpTYcG1AnvbxB0arm2wOYBKbXsme4h9fFponl1S.Q/Q7LbuOyIG','2026-05-16 20:56:22.000','target_1778936182348','/analytics','U001155','target_1778936182348','active','1.0000','1.0000','discount','discount',NULL,NULL),(1156,'disabled_1778936182421','$2b$10$ok/ArflPCWwvc1WFZvbELOmf.mWWs2S8u6l7glNHP7oS9ysmEWdmW','2026-05-16 20:56:22.000','disabled_1778936182421','/analytics','U001156','disabled_1778936182421','disabled','1.0000','1.0000','discount','discount',NULL,NULL),(1157,'discount_1778936182532','$2b$10$5BI3BpTDuwFOGQ9XDHmQduFiaIUub3lXEjd1Y/BOplDxKXRgMg7cq','2026-05-16 20:56:22.000','discount_1778936182532','/analytics','U001157','discount_1778936182532','active','0.5000','0.8000','discount','discount',NULL,NULL),(1158,'tester_1778936183619','$2b$10$mLKXTntTr2ryaXX3v9.H/uZvYXGmZiPpM59kZh21uaN.XHneVFQ62','2026-05-16 20:56:23.000','tester_1778936183619','/analytics','U001158','tester_1778936183619','active','1.0000','1.0000','discount','discount',NULL,NULL),(1163,'normal_1778936674039','$2b$10$.T1GlicfCjJ2msA05FzAEO1cR7s5lO9m9mFOVDap10.FJu7xxtXoO','2026-05-16 21:04:34.000','normal_1778936674039','/analytics','U001163','normal_1778936674039','active','1.0000','1.0000','discount','discount',NULL,NULL),(1164,'target_1778936674117','$2b$10$VU0N0wdBK8zpVlWzum5D.O6W8b5hD7qBRlaOw9YF4ghDYWh9EhqbO','2026-05-16 21:04:34.000','target_1778936674117','/analytics','U001164','target_1778936674117','active','1.0000','1.0000','discount','discount',NULL,NULL),(1165,'disabled_1778936674189','$2b$10$nFCTANaetHQLGWZQRslI8.tj7qohwpoHsOeQLigKYghibjkkZff..','2026-05-16 21:04:34.000','disabled_1778936674189','/analytics','U001165','disabled_1778936674189','disabled','1.0000','1.0000','discount','discount',NULL,NULL),(1166,'discount_1778936674307','$2b$10$23tbov/x7HIouhFoGgJMEuHSnDNiU85VUncn06Q.r8ThL5SLXSyzm','2026-05-16 21:04:34.000','discount_1778936674307','/analytics','U001166','discount_1778936674307','active','0.5000','0.8000','discount','discount',NULL,NULL),(1167,'tester_1778936675316','$2b$10$pQd0o6UfCdILCtz11zusK.CNNjKPKkZuE/UOP5m1bgzYtKbaaJunu','2026-05-16 21:04:35.000','tester_1778936675316','/analytics','U001167','tester_1778936675316','active','1.0000','1.0000','discount','discount',NULL,NULL),(1172,'normal_1778936819851','$2b$10$y0qbyVQt/y61PjWLc/leJeNr2sHv.7kTyp5z3L8DJoXWTtywVbODO','2026-05-16 21:06:59.000','normal_1778936819851','/analytics','U001172','normal_1778936819851','active','1.0000','1.0000','discount','discount',NULL,NULL),(1173,'target_1778936819923','$2b$10$dObr6Of2S.SZ/mPEFcLrie059XU8SvBzPPbRfv74I5pFEEubvHe96','2026-05-16 21:06:59.000','target_1778936819923','/analytics','U001173','target_1778936819923','active','1.0000','1.0000','discount','discount',NULL,NULL),(1174,'disabled_1778936819998','$2b$10$sFaklXmpaj0ddlz0gRi6M.6YeYF3fgNNAbsYHra1U5tjA86olDBu6','2026-05-16 21:07:00.000','disabled_1778936819998','/analytics','U001174','disabled_1778936819998','disabled','1.0000','1.0000','discount','discount',NULL,NULL),(1175,'discount_1778936820113','$2b$10$XwD19Xy9qawVCxQnVMFxzORdHF97yxqPXAX3/hxGz6Xev3D4g3geG','2026-05-16 21:07:00.000','discount_1778936820113','/analytics','U001175','discount_1778936820113','active','0.5000','0.8000','discount','discount',NULL,NULL),(1176,'tester_1778936821142','$2b$10$a.iB8asRGid0kyzmrVjTnuCeE5S/iiOgxoxpsrOtH8d8RV5WcFPNC','2026-05-16 21:07:01.000','tester_1778936821142','/analytics','U001176','tester_1778936821142','active','1.0000','1.0000','discount','discount',NULL,NULL),(1181,'normal_1778937263729','$2b$10$7FDlw6GW95QgR4CGS.QpU.VejFPERrgf0idOI4ivUhkv2JkzkC3jm','2026-05-16 21:14:23.000','normal_1778937263729','/analytics','U001181','normal_1778937263729','active','1.0000','1.0000','discount','discount',NULL,NULL),(1182,'target_1778937263800','$2b$10$jih4SSjWod8u05St/jh0oO3npU32d8EuOSiui/.CMVqC.V9mjfmuS','2026-05-16 21:14:23.000','target_1778937263800','/analytics','U001182','target_1778937263800','active','1.0000','1.0000','discount','discount',NULL,NULL),(1183,'disabled_1778937263872','$2b$10$YQ5cd.4uenflXfIxFdIGl.TXxwBg6Pjxk5kHTKAszPXTNILCbSxBm','2026-05-16 21:14:23.000','disabled_1778937263872','/analytics','U001183','disabled_1778937263872','disabled','1.0000','1.0000','discount','discount',NULL,NULL),(1184,'discount_1778937263983','$2b$10$In34p.E3TwlcJ.McrQHww.WezD9p8YhMcYi1TefgyZOf2zXNZAyPK','2026-05-16 21:14:24.000','discount_1778937263983','/analytics','U001184','discount_1778937263983','active','0.5000','0.8000','discount','discount',NULL,NULL),(1185,'tester_1778937264953','$2b$10$68QFb057otzQ7b89G/1xK.b12bUacYUHzbCFj1JcHwp3A.Age3ne6','2026-05-16 21:14:25.000','tester_1778937264953','/analytics','U001185','tester_1778937264953','active','1.0000','1.0000','discount','discount',NULL,NULL),(1190,'normal_1778937292723','$2b$10$Zs0SPtx6GyhJqIp6YhsPjekZoNNBYzpZVC4z9jdfQmwhjFrvQ1G1m','2026-05-16 21:14:52.000','normal_1778937292723','/analytics','U001190','normal_1778937292723','active','1.0000','1.0000','discount','discount',NULL,NULL),(1191,'target_1778937292798','$2b$10$lxTIUEvHHPs8eLkUVjy0cOt63l5HgIUK40.ZORO2EWvHix1Ygp7vq','2026-05-16 21:14:52.000','target_1778937292798','/analytics','U001191','target_1778937292798','active','1.0000','1.0000','discount','discount',NULL,NULL),(1192,'disabled_1778937292873','$2b$10$Mp2nOGbmGeLvzIzQg.bMDeSJmVjlK4aSgFq4xcaGYBaIQU0AD2raS','2026-05-16 21:14:52.000','disabled_1778937292873','/analytics','U001192','disabled_1778937292873','disabled','1.0000','1.0000','discount','discount',NULL,NULL),(1193,'discount_1778937292991','$2b$10$H82v0rMKYuoY51TG2qjlreKe47PFl4bB8PwE2o0VPobqtjRPTzAMq','2026-05-16 21:14:53.000','discount_1778937292991','/analytics','U001193','discount_1778937292991','active','0.5000','0.8000','discount','discount',NULL,NULL),(1194,'tester_1778937294006','$2b$10$GXjW7hjhUhTFghC5pq8SW.zrICUO0cIxZrdbECEQeD4tEP.rlbltG','2026-05-16 21:14:54.000','tester_1778937294006','/analytics','U001194','tester_1778937294006','active','1.0000','1.0000','discount','discount',NULL,NULL),(1199,'normal_1778937456180','$2b$10$uz7GU9VZAGzM8d8ljwu2HOs/VidQJYKrYV9VVFalZlKk8.C/Ijy9C','2026-05-16 21:17:36.000','normal_1778937456180','/analytics','U001199','normal_1778937456180','active','1.0000','1.0000','discount','discount',NULL,NULL),(1200,'target_1778937456252','$2b$10$0NNvDfgZpYyf0yD4rM9N0.YFzjLQ6FjoO.1orIT/tkcvVKyutFBKu','2026-05-16 21:17:36.000','target_1778937456252','/analytics','U001200','target_1778937456252','active','1.0000','1.0000','discount','discount',NULL,NULL),(1201,'disabled_1778937456322','$2b$10$px1f.UuaHMBgGbfVU8tSF.i.YD6ar3TJI9ZmPA8Bj.W.ykXyGQtRG','2026-05-16 21:17:36.000','disabled_1778937456322','/analytics','U001201','disabled_1778937456322','disabled','1.0000','1.0000','discount','discount',NULL,NULL),(1202,'discount_1778937456442','$2b$10$8AyHFZKyBg749.K8dazjAeLteGaI9FGeHHHp5bhOdw.ng.KyTsRR.','2026-05-16 21:17:36.000','discount_1778937456442','/analytics','U001202','discount_1778937456442','active','0.5000','0.8000','discount','discount',NULL,NULL),(1203,'tester_1778937457424','$2b$10$7F2t3.nVUCEjOCBBqMEgaOVHnOF7ZwlSG.jZiJT5errARGXNqXlWO','2026-05-16 21:17:37.000','tester_1778937457424','/analytics','U001203','tester_1778937457424','active','1.0000','1.0000','discount','discount',NULL,NULL),(1208,'normal_1778937757418','$2b$10$SVAAyxPMThYIjsfdWddIJOI.Zp0/Bdn2cw39fqkgYLr5DVodMfTcG','2026-05-16 21:22:37.000','normal_1778937757418','/analytics','U001208','normal_1778937757418','active','1.0000','1.0000','discount','discount',NULL,NULL),(1209,'target_1778937757489','$2b$10$DOABH6wQLxX8dbtHE9A.w.9fV841Gkgtoa4hTf5uVHh/7qxoNqgt2','2026-05-16 21:22:37.000','target_1778937757489','/analytics','U001209','target_1778937757489','active','1.0000','1.0000','discount','discount',NULL,NULL),(1210,'disabled_1778937757561','$2b$10$ZH/cag4qhFp3k6mz3faJ4uVFEmXc5.RYLPt734aLIrn4Sea7dFzVy','2026-05-16 21:22:37.000','disabled_1778937757561','/analytics','U001210','disabled_1778937757561','disabled','1.0000','1.0000','discount','discount',NULL,NULL),(1211,'discount_1778937757669','$2b$10$JdPXcQPj40eD4IdTfxjVYuD2L5vD/t0fiW2COUelpEJCS1Dwlogfm','2026-05-16 21:22:37.000','discount_1778937757669','/analytics','U001211','discount_1778937757669','active','0.5000','0.8000','discount','discount',NULL,NULL),(1212,'tester_1778937758639','$2b$10$S/NqMTTh2c7aXMfR/LLNduBL2BjKj5MeNJeu5YP5spMYRro5mZcdC','2026-05-16 21:22:38.000','tester_1778937758639','/analytics','U001212','tester_1778937758639','active','1.0000','1.0000','discount','discount',NULL,NULL),(1217,'normal_1778937809027','$2b$10$XrHulDDVUFK2KecIL/wV5.x1lvy.r0q3Qjma/fNX3ZxP8J1q5Fh5e','2026-05-16 21:23:29.000','normal_1778937809027','/analytics','U001217','normal_1778937809027','active','1.0000','1.0000','discount','discount',NULL,NULL),(1218,'target_1778937809099','$2b$10$cEhPgE5Va5LYx/2ovVVIwuX80yrx3K5WaOBPPDUoJmgL471ilhYzK','2026-05-16 21:23:29.000','target_1778937809099','/analytics','U001218','target_1778937809099','active','1.0000','1.0000','discount','discount',NULL,NULL),(1219,'disabled_1778937809170','$2b$10$l4doxbqO7lD8BBvO0Co8VuiKc6wn1YBDYhHGRfRDchp/qf8T8k3s6','2026-05-16 21:23:29.000','disabled_1778937809170','/analytics','U001219','disabled_1778937809170','disabled','1.0000','1.0000','discount','discount',NULL,NULL),(1220,'discount_1778937809280','$2b$10$SrEiIXqSrRVgom3BqU72N.6dvkxAtS2dxbwhNIguP9izLrZnrM5lK','2026-05-16 21:23:29.000','discount_1778937809280','/analytics','U001220','discount_1778937809280','active','0.5000','0.8000','discount','discount',NULL,NULL),(1221,'tester_1778937810416','$2b$10$R8RQleMYahKEtSe71Jv0quJ1D/LQZa5QKNH/pRstd5Kmj3UYi/t4y','2026-05-16 21:23:30.000','tester_1778937810416','/analytics','U001221','tester_1778937810416','active','1.0000','1.0000','discount','discount',NULL,NULL),(1226,'tester_1778937863890','$2b$10$cbAHSocMWWYBZzy.9Esz0utlc2vh0EMJoX157W4X9j9rtECXMTD4e','2026-05-16 21:24:23.000','tester_1778937863890','/analytics','U001226','tester_1778937863890','active','1.0000','1.0000','discount','discount',NULL,NULL),(1227,'normal_1778937865026','$2b$10$EikAG1Y8OfqaYSYPUVEf9.g9FbjwVmBvQv38y7ShBSE61wIhp2rH6','2026-05-16 21:24:25.000','normal_1778937865026','/analytics','U001227','normal_1778937865026','active','1.0000','1.0000','discount','discount',NULL,NULL),(1228,'target_1778937865098','$2b$10$AQKmM3tM1ILBv0YSyRPg4.k5O8t.Gkw.LmJNV6NQ7L9S9o.jokUgS','2026-05-16 21:24:25.000','target_1778937865098','/analytics','U001228','target_1778937865098','active','1.0000','1.0000','discount','discount',NULL,NULL),(1229,'disabled_1778937865174','$2b$10$hRSLXnFQzGbbWrrSN8qLye/atV2/e8W5aQQcWV3VZC4LqBf03J/TC','2026-05-16 21:24:25.000','disabled_1778937865174','/analytics','U001229','disabled_1778937865174','disabled','1.0000','1.0000','discount','discount',NULL,NULL),(1230,'discount_1778937865282','$2b$10$HCb2TXKcuE0rOxLySm1XqOcMqTBGMYtDDFwA4twqxDwxw6iOhStii','2026-05-16 21:24:25.000','discount_1778937865282','/analytics','U001230','discount_1778937865282','active','0.5000','0.8000','discount','discount',NULL,NULL),(1235,'normal_1778937886487','$2b$10$Q7k0JJpLWndPT6.uyP6c7.MkNNJkTP73YDFpfs.Vl4yDH1Tz8QT4q','2026-05-16 21:24:46.000','normal_1778937886487','/analytics','U001235','normal_1778937886487','active','1.0000','1.0000','discount','discount',NULL,NULL),(1236,'target_1778937886564','$2b$10$Yjb07C32Vxl/gbY8w40NYOlGTHG8vJ5RpF2kBqXyWB6aAh4CawBjq','2026-05-16 21:24:46.000','target_1778937886564','/analytics','U001236','target_1778937886564','active','1.0000','1.0000','discount','discount',NULL,NULL),(1237,'disabled_1778937886638','$2b$10$2yIIvc3eLrwW5kJW1uXN2.5Hbtu.4LBxZiw0YbX.LB5BkOhVoxw6K','2026-05-16 21:24:46.000','disabled_1778937886638','/analytics','U001237','disabled_1778937886638','disabled','1.0000','1.0000','discount','discount',NULL,NULL),(1238,'discount_1778937886750','$2b$10$4oL3c0Zy2OTupOxOXUVEzuqOzzK1W8nEPSgGm81qyu7fbVIVDqcua','2026-05-16 21:24:46.000','discount_1778937886750','/analytics','U001238','discount_1778937886750','active','0.5000','0.8000','discount','discount',NULL,NULL),(1239,'tester_1778937887718','$2b$10$BKIFxUKC4BpfzpT4Hrz5NOfky0cnYilrrjbp2XeNvGNLNpschOBEy','2026-05-16 21:24:47.000','tester_1778937887718','/analytics','U001239','tester_1778937887718','active','1.0000','1.0000','discount','discount',NULL,NULL),(1244,'normal_1778937925436','$2b$10$ELV6P38j3OANLgeq..kDN.zx6K2cOUn8MC85x.a/Z5oOn0R8MJaC.','2026-05-16 21:25:25.000','normal_1778937925436','/analytics','U001244','normal_1778937925436','active','1.0000','1.0000','discount','discount',NULL,NULL),(1245,'target_1778937925510','$2b$10$TRz32nwP1sHL8WRaSgsaqezmEtpCfaY.eKInFHpjPoheqfZ/kNpsy','2026-05-16 21:25:25.000','target_1778937925510','/analytics','U001245','target_1778937925510','active','1.0000','1.0000','discount','discount',NULL,NULL),(1246,'disabled_1778937925582','$2b$10$WssQmaEp42ZplGmXbn/zEOrNRVia7sVqQYSnzcO5pWhn75QJeG/pS','2026-05-16 21:25:25.000','disabled_1778937925582','/analytics','U001246','disabled_1778937925582','disabled','1.0000','1.0000','discount','discount',NULL,NULL),(1247,'discount_1778937925692','$2b$10$O4do0vR3hLINjdRKG3Oz6uoWWgORA.wxFRd..lrVyZUKXmFMSyB/C','2026-05-16 21:25:25.000','discount_1778937925692','/analytics','U001247','discount_1778937925692','active','0.5000','0.8000','discount','discount',NULL,NULL),(1248,'tester_1778937926702','$2b$10$74j9CcluEi2/QMgDvaUwCe8vztbvurGOC8b6hp93GiOuCkcIoJPnC','2026-05-16 21:25:26.000','tester_1778937926702','/analytics','U001248','tester_1778937926702','active','1.0000','1.0000','discount','discount',NULL,NULL),(1253,'normal_1778938251295','$2b$10$anRBxsZdMjvM3Cqng07e4OOGk9Vs0A06Qv7mE7OqcbAeSI3cffQii','2026-05-16 21:30:51.000','normal_1778938251295','/analytics','U001253','normal_1778938251295','active','1.0000','1.0000','discount','discount',NULL,NULL),(1254,'target_1778938251370','$2b$10$1Sn1UYkh.I7N2.NoHhQkce4G8zOvw6pFpMCOl6t1iGvUQGtBl7X3W','2026-05-16 21:30:51.000','target_1778938251370','/analytics','U001254','target_1778938251370','active','1.0000','1.0000','discount','discount',NULL,NULL),(1255,'disabled_1778938251441','$2b$10$PiOfmpSXEd3hbla5gBmXGOt/EoH4laQJDHGhwm2YWR6Wkarc3bYCy','2026-05-16 21:30:51.000','disabled_1778938251441','/analytics','U001255','disabled_1778938251441','disabled','1.0000','1.0000','discount','discount',NULL,NULL),(1256,'discount_1778938251548','$2b$10$Onje9lHoylzdx3RCkuaYiu8MhANHswTVj33/HkSAonLKTIecJXJbi','2026-05-16 21:30:51.000','discount_1778938251548','/analytics','U001256','discount_1778938251548','active','0.5000','0.8000','discount','discount',NULL,NULL),(1257,'tester_1778938252506','$2b$10$dOiFTbG4epqjaxoLF4bpz.LBbhNyHdQrLmyjGimAaJ5vEG.vsux9C','2026-05-16 21:30:52.000','tester_1778938252506','/analytics','U001257','tester_1778938252506','active','1.0000','1.0000','discount','discount',NULL,NULL),(1262,'normal_1778938277385','$2b$10$p69y6bqgmR0o2ZoEGOGl7.BMlGfqwsAEe9FZrCPLQNH6CBrWxAeWO','2026-05-16 21:31:17.000','normal_1778938277385','/analytics','U001262','normal_1778938277385','active','1.0000','1.0000','discount','discount',NULL,NULL),(1263,'target_1778938277457','$2b$10$o0YXY9c4F65TjakKE00xOe0K0S.w1omIIDxkO8H/bwswshloiJjvO','2026-05-16 21:31:17.000','target_1778938277457','/analytics','U001263','target_1778938277457','active','1.0000','1.0000','discount','discount',NULL,NULL),(1264,'disabled_1778938277528','$2b$10$bW4faPT/zTL0ftouGh238.yhz9bAhoK.OIKMI/aeYsO.Oslu.Wq6S','2026-05-16 21:31:17.000','disabled_1778938277528','/analytics','U001264','disabled_1778938277528','disabled','1.0000','1.0000','discount','discount',NULL,NULL),(1265,'discount_1778938277636','$2b$10$CZhs806EVu/ASxucFIfkGeajUxyvzW76uGqXJRRbbSnzPJhy0/mJy','2026-05-16 21:31:17.000','discount_1778938277636','/analytics','U001265','discount_1778938277636','active','0.5000','0.8000','discount','discount',NULL,NULL),(1266,'tester_1778938278611','$2b$10$7cW1OCTYmZVN4DOssmSSyuzZf7wwSOO9UHM.6siuT7sA2.OCKRWFq','2026-05-16 21:31:18.000','tester_1778938278611','/analytics','U001266','tester_1778938278611','active','1.0000','1.0000','discount','discount',NULL,NULL),(1271,'normal_1778938298977','$2b$10$nRAujYsFLTs5BSsud5JsdOLBA5sb0pFIsqeo/acZ27ZppD/rN4Ude','2026-05-16 21:31:39.000','normal_1778938298977','/analytics','U001271','normal_1778938298977','active','1.0000','1.0000','discount','discount',NULL,NULL),(1272,'target_1778938299048','$2b$10$3/ApkELC6Cn2PuXUh0ddmOoW/ZOV1WOb6YqsxAkHSTcQbyz3lLq.y','2026-05-16 21:31:39.000','target_1778938299048','/analytics','U001272','target_1778938299048','active','1.0000','1.0000','discount','discount',NULL,NULL),(1273,'disabled_1778938299120','$2b$10$VeHXDWtqkk1Bsp3JKs5R/eEz3pXT2aSajgVUKRmiyCPCoDRKWo0GS','2026-05-16 21:31:39.000','disabled_1778938299120','/analytics','U001273','disabled_1778938299120','disabled','1.0000','1.0000','discount','discount',NULL,NULL),(1274,'discount_1778938299229','$2b$10$wsSpw36Bly8hKaWuLdX1EO2Isk64xx4tI22Sy9dmIOVNPh/Fd8zJu','2026-05-16 21:31:39.000','discount_1778938299229','/analytics','U001274','discount_1778938299229','active','0.5000','0.8000','discount','discount',NULL,NULL),(1275,'tester_1778938300226','$2b$10$3TxZPiHmV9R171LRTVkv7Oj2IRAy7ShzvrXFgNkbXvOGCL6.uw1qO','2026-05-16 21:31:40.000','tester_1778938300226','/analytics','U001275','tester_1778938300226','active','1.0000','1.0000','discount','discount',NULL,NULL),(1280,'normal_1778938643320','$2b$10$XTb7JrZSb3bRCMji5n67EeGvfys1gFbnK/6BWbU4M7Bpsp3F0ZYAm','2026-05-16 21:37:23.000','normal_1778938643320','/analytics','U001280','normal_1778938643320','active','1.0000','1.0000','discount','discount',NULL,NULL),(1281,'target_1778938643391','$2b$10$AnfebbRacOZUmDwJ.NWtherhJo.GOdJ3odCQTWe7HPesLv3YPRbRe','2026-05-16 21:37:23.000','target_1778938643391','/analytics','U001281','target_1778938643391','active','1.0000','1.0000','discount','discount',NULL,NULL),(1282,'disabled_1778938643461','$2b$10$44sQtbFFinMbmqe4pkBDF.deD/euRFkWMun.4V8nZKyoykjW5a6oa','2026-05-16 21:37:23.000','disabled_1778938643461','/analytics','U001282','disabled_1778938643461','disabled','1.0000','1.0000','discount','discount',NULL,NULL),(1283,'discount_1778938643569','$2b$10$6oYqsRoEkjLCpskwKUQ.wOssomm896XfWe50JLZWtYg2IW4eVISn.','2026-05-16 21:37:23.000','discount_1778938643569','/analytics','U001283','discount_1778938643569','active','0.5000','0.8000','discount','discount',NULL,NULL),(1284,'tester_1778938644546','$2b$10$cKfd6nphidJsNnFfoLxjAuA13xKJEkeMgmvn87KyWz5W/uMo9EH/q','2026-05-16 21:37:24.000','tester_1778938644546','/analytics','U001284','tester_1778938644546','active','1.0000','1.0000','discount','discount',NULL,NULL),(1289,'normal_1778938674735','$2b$10$GOgJkVGHEtNQvAGPMh5uwu0LvYf5178f/BbTMFJIVxEYRxjDoTTWq','2026-05-16 21:37:54.000','normal_1778938674735','/analytics','U001289','normal_1778938674735','active','1.0000','1.0000','discount','discount',NULL,NULL),(1290,'target_1778938674806','$2b$10$ys8nKDjnizqNjkfLNW0cyutDks73a5a62P/oobMmxddUFZiBJRVQ.','2026-05-16 21:37:54.000','target_1778938674806','/analytics','U001290','target_1778938674806','active','1.0000','1.0000','discount','discount',NULL,NULL),(1291,'disabled_1778938674878','$2b$10$PhHopD703jgzupaD8CwGr.ufRDRdp/LppQSHpB0qWlNOPToV4KcBC','2026-05-16 21:37:54.000','disabled_1778938674878','/analytics','U001291','disabled_1778938674878','disabled','1.0000','1.0000','discount','discount',NULL,NULL),(1292,'discount_1778938674986','$2b$10$1YalEWpkcd2Py5yFrvqD7.nA6W6fBViuIxGe90G1CS4u7oDcl1YQW','2026-05-16 21:37:55.000','discount_1778938674986','/analytics','U001292','discount_1778938674986','active','0.5000','0.8000','discount','discount',NULL,NULL),(1293,'tester_1778938675940','$2b$10$vejTCckh9ATyJUnqttexG.lk3RUBm.73CZYmMJiMP8fr3SYihkfyy','2026-05-16 21:37:55.000','tester_1778938675940','/analytics','U001293','tester_1778938675940','active','1.0000','1.0000','discount','discount',NULL,NULL),(1298,'normal_1778939281425','$2b$10$RM0WAbRQ7Q8bIXrn09C1YOFaNWiCbDbAdAfBUrxJIt2cJfawdjVU.','2026-05-16 21:48:01.000','normal_1778939281425','/analytics','U001298','normal_1778939281425','active','1.0000','1.0000','discount','discount',NULL,NULL),(1299,'target_1778939281495','$2b$10$71EuqyJa9Woo3Xp2xzBYIOjulSWjW8GqvJC3wyybGL.ruXgg2N70e','2026-05-16 21:48:01.000','target_1778939281495','/analytics','U001299','target_1778939281495','active','1.0000','1.0000','discount','discount',NULL,NULL),(1300,'disabled_1778939281568','$2b$10$.hdEo90vb.J4Lrolv6/YbupbK5.Jlbr1puajy6tLWNf7jOWakKqhq','2026-05-16 21:48:01.000','disabled_1778939281568','/analytics','U001300','disabled_1778939281568','disabled','1.0000','1.0000','discount','discount',NULL,NULL),(1301,'discount_1778939281678','$2b$10$3F0.Ioh10eAJ4Gj4/KqbTuqJRDniBBSVZu7s5K7nD5diDIIDD30lu','2026-05-16 21:48:01.000','discount_1778939281678','/analytics','U001301','discount_1778939281678','active','0.5000','0.8000','discount','discount',NULL,NULL),(1302,'tester_1778939282621','$2b$10$0JUCnMh8oPIVpZd.v3HcV.sBr0jqs5cmIV4BUCZdb4MmJr6C9V8Om','2026-05-16 21:48:02.000','tester_1778939282621','/analytics','U001302','tester_1778939282621','active','1.0000','1.0000','discount','discount',NULL,NULL),(1307,'normal_1778939328597','$2b$10$KH4K55wT31ikcl4bGAfil.2wdoUqJK38yrPIVnpMR6cHpqOulf8Nm','2026-05-16 21:48:48.000','normal_1778939328597','/analytics','U001307','normal_1778939328597','active','1.0000','1.0000','discount','discount',NULL,NULL),(1308,'target_1778939328669','$2b$10$sFecGsYp9Zex91wp/NqIKejYLJF1/juKDVAtDeHCNGFmkuGoylxRi','2026-05-16 21:48:48.000','target_1778939328669','/analytics','U001308','target_1778939328669','active','1.0000','1.0000','discount','discount',NULL,NULL),(1309,'disabled_1778939328746','$2b$10$gFesLcHlNqL9eug0ZFeo2.IH5.Ur60oSE5RwOe7xGRhXFmI/cskhy','2026-05-16 21:48:48.000','disabled_1778939328746','/analytics','U001309','disabled_1778939328746','disabled','1.0000','1.0000','discount','discount',NULL,NULL),(1310,'discount_1778939328857','$2b$10$Kob8nl8LiMo/rEMgqCdGHeSb7YsybS8veMhIxZGqZW6sbOGNW3ITO','2026-05-16 21:48:48.000','discount_1778939328857','/analytics','U001310','discount_1778939328857','active','0.5000','0.8000','discount','discount',NULL,NULL),(1311,'tester_1778939329838','$2b$10$0PWAaOG9suuiYE19WMz4Ee3nm.9fcUhl/WttfVWJiltrowJ7RVSVO','2026-05-16 21:48:49.000','tester_1778939329838','/analytics','U001311','tester_1778939329838','active','1.0000','1.0000','discount','discount',NULL,NULL),(1316,'normal_1778939480146','$2b$10$Ejz3cSIigzybICBLK6JnP.SyapF75nsQOS9D/euWrZnV6nA85etYG','2026-05-16 21:51:20.000','normal_1778939480146','/analytics','U001316','normal_1778939480146','active','1.0000','1.0000','discount','discount',NULL,NULL),(1317,'target_1778939480216','$2b$10$gWYWW2m1GIRamRfhojA15ORujxcLwWh5UuR3IOuuNogIYGuKco7mO','2026-05-16 21:51:20.000','target_1778939480216','/analytics','U001317','target_1778939480216','active','1.0000','1.0000','discount','discount',NULL,NULL);
INSERT INTO `users` (`id`,`username`,`password_hash`,`created_at`,`real_name`,`home_path`,`user_no`,`nickname`,`status`,`discount_rate`,`impression_discount_rate`,`price_mode`,`impression_price_mode`,`fixed_unit_price`,`impression_fixed_unit_price`) VALUES (1318,'disabled_1778939480291','$2b$10$EwQFOWUVSnAl8mXuICrNxuIQBimAdr6XAgIG6mMg7DCT1c1TfeTlS','2026-05-16 21:51:20.000','disabled_1778939480291','/analytics','U001318','disabled_1778939480291','disabled','1.0000','1.0000','discount','discount',NULL,NULL),(1319,'discount_1778939480398','$2b$10$7Fa5hH0VckO5oMFZ93gNhuBgNczO/0zp/2JxxabPlLW8aJRaNpy.G','2026-05-16 21:51:20.000','discount_1778939480398','/analytics','U001319','discount_1778939480398','active','0.5000','0.8000','discount','discount',NULL,NULL),(1320,'tester_1778939481320','$2b$10$sJbxk4OFUJKWtRK7cPvLhuWVUntTE8Pn1873kbqUHUbYqf/G6LMVi','2026-05-16 21:51:21.000','tester_1778939481320','/analytics','U001320','tester_1778939481320','active','1.0000','1.0000','discount','discount',NULL,NULL),(1325,'normal_1778940214888','$2b$10$DX0P5hXEfma9nxOwpQPty.9tzhBzZ32eaLqu5wtOPHzRNUJwzulY2','2026-05-16 22:03:34.000','normal_1778940214888','/analytics','U001325','normal_1778940214888','active','1.0000','1.0000','discount','discount',NULL,NULL),(1326,'target_1778940214958','$2b$10$pfXkNQbK0Nyu8j/FG5pM3eerzsC4T1NbNUXPoamjOVDU69inVx0si','2026-05-16 22:03:35.000','target_1778940214958','/analytics','U001326','target_1778940214958','active','1.0000','1.0000','discount','discount',NULL,NULL),(1327,'disabled_1778940215034','$2b$10$AnpSrIOvnb2CLJeqKWmqq.svbXiyb0ZO.VNbFn7yPhl47aTm1zwca','2026-05-16 22:03:35.000','disabled_1778940215034','/analytics','U001327','disabled_1778940215034','disabled','1.0000','1.0000','discount','discount',NULL,NULL),(1328,'discount_1778940215142','$2b$10$IlR/HyEd/Ge.XBr6arWWV.f7uazs0gVibSV7xzijA8nR5RkMFTRRq','2026-05-16 22:03:35.000','discount_1778940215142','/analytics','U001328','discount_1778940215142','active','0.5000','0.8000','discount','discount',NULL,NULL),(1329,'tester_1778940216117','$2b$10$.g6O7exS9qeZ8OPe6cVh0OUYc2SEvSjUFUACduPBN2e3znCL6RtJy','2026-05-16 22:03:36.000','tester_1778940216117','/analytics','U001329','tester_1778940216117','active','1.0000','1.0000','discount','discount',NULL,NULL),(1334,'normal_1778940261709','$2b$10$VUV52XblASkMwGfa0ej5Cu15f2ZZhJhYlIqUp2XEQtgiif.lT7eky','2026-05-16 22:04:21.000','normal_1778940261709','/analytics','U001334','normal_1778940261709','active','1.0000','1.0000','discount','discount',NULL,NULL),(1335,'target_1778940261779','$2b$10$qLeSNeqd/M79va9jBAFFreJu5opZ6jpAktO.PZDBOYaL5s3ZKZrIC','2026-05-16 22:04:21.000','target_1778940261779','/analytics','U001335','target_1778940261779','active','1.0000','1.0000','discount','discount',NULL,NULL),(1336,'disabled_1778940261850','$2b$10$s9j15ckhHeVpsRmOW7elp.moc2goQiUxuRWbSKA5Og641Ul1cww66','2026-05-16 22:04:21.000','disabled_1778940261850','/analytics','U001336','disabled_1778940261850','disabled','1.0000','1.0000','discount','discount',NULL,NULL),(1337,'discount_1778940261960','$2b$10$mLDQ9q8KbxCn7yPhM0zmhOE2KeQ4vZUEcF98U.bX76WbIECSbyQRq','2026-05-16 22:04:22.000','discount_1778940261960','/analytics','U001337','discount_1778940261960','active','0.5000','0.8000','discount','discount',NULL,NULL),(1338,'tester_1778940262945','$2b$10$xfAWo.AfoQASeQ6inl/VhuZH0KHo7.4HF7uTxGlQTULbqGzmK.zPO','2026-05-16 22:04:22.000','tester_1778940262945','/analytics','U001338','tester_1778940262945','active','1.0000','1.0000','discount','discount',NULL,NULL),(1343,'normal_1778940347428','$2b$10$PJQFuUR6FfVL05tUCMCnDOBXsR6jNsGTJMKmq4IVCtjDjJ/cuvanS','2026-05-16 22:05:47.000','normal_1778940347428','/analytics','U001343','normal_1778940347428','active','1.0000','1.0000','discount','discount',NULL,NULL),(1344,'target_1778940347501','$2b$10$aEnZTCGczmKk5qeex7BS0.QePxeQ67AE.rt8ctv6n.sEimNXguDde','2026-05-16 22:05:47.000','target_1778940347501','/analytics','U001344','target_1778940347501','active','1.0000','1.0000','discount','discount',NULL,NULL),(1345,'disabled_1778940347577','$2b$10$41BDWHtW5trcfeK/yLrz4eki7AkVB3EXIMwEjDS2NCA5Jn9PUEX2e','2026-05-16 22:05:47.000','disabled_1778940347577','/analytics','U001345','disabled_1778940347577','disabled','1.0000','1.0000','discount','discount',NULL,NULL),(1346,'discount_1778940347687','$2b$10$8RtosI1sLRyw6HBhxwWvLe2XynLa4dpW417EsGGFQ2yAiAfrCdzUS','2026-05-16 22:05:47.000','discount_1778940347687','/analytics','U001346','discount_1778940347687','active','0.5000','0.8000','discount','discount',NULL,NULL),(1347,'tester_1778940348731','$2b$10$K9qeNwdU5a5Odvjv1WBVseFVyRAVzuu8c9alcJMbqGPdi7DFjL8PC','2026-05-16 22:05:48.000','tester_1778940348731','/analytics','U001347','tester_1778940348731','active','1.0000','1.0000','discount','discount',NULL,NULL),(1352,'normal_1778940395468','$2b$10$oSOXiiYPz2dczPlYl6PkyO9E0yCOe.hZjxld50tTst02.YVHAvFrm','2026-05-16 22:06:35.000','normal_1778940395468','/analytics','U001352','normal_1778940395468','active','1.0000','1.0000','discount','discount',NULL,NULL),(1353,'target_1778940395538','$2b$10$yMrF7ggP4bHw0OwC/dlPVOTjzlGRJFPwtYINoAVqgqbkp1da1kgLS','2026-05-16 22:06:35.000','target_1778940395538','/analytics','U001353','target_1778940395538','active','1.0000','1.0000','discount','discount',NULL,NULL),(1354,'disabled_1778940395608','$2b$10$uqq9xEZBxSaO06RXacC4zeyEGRip.cm4/ttFs04FN/QfFPcnSP3hm','2026-05-16 22:06:35.000','disabled_1778940395608','/analytics','U001354','disabled_1778940395608','disabled','1.0000','1.0000','discount','discount',NULL,NULL),(1355,'discount_1778940395716','$2b$10$rAwsqvWnJvdFFyLzm0IfCuRyZBw4RNQItBxuVGK90Uj3FawIJQ1zC','2026-05-16 22:06:35.000','discount_1778940395716','/analytics','U001355','discount_1778940395716','active','0.5000','0.8000','discount','discount',NULL,NULL),(1356,'tester_1778940396685','$2b$10$ULdC..w/z.9zQqLnR.2f/eHoqWMFZEUVNX0dya2PDw7WQdKJm0r5K','2026-05-16 22:06:36.000','tester_1778940396685','/analytics','U001356','tester_1778940396685','active','1.0000','1.0000','discount','discount',NULL,NULL);
DROP TABLE IF EXISTS `xhs_query_accounts`;
CREATE TABLE `xhs_query_accounts` (
  `id` bigint unsigned NOT NULL AUTO_INCREMENT COMMENT '主键ID',
  `account_no` varchar(40) NOT NULL COMMENT '账号业务编号',
  `account_name` varchar(64) NOT NULL COMMENT '账号备注名称',
  `login_identifier` varchar(128) DEFAULT NULL COMMENT '登录标识',
  `sid_encrypted` text NOT NULL COMMENT '加密后的 SID',
  `cookie_encrypted` longtext COMMENT '加密后的 Cookie',
  `user_agent` varchar(512) DEFAULT NULL COMMENT '请求 User-Agent',
  `proxy_url` varchar(512) DEFAULT NULL COMMENT '代理地址',
  `status` varchar(32) NOT NULL DEFAULT 'active' COMMENT '账号状态',
  `enabled` tinyint(1) NOT NULL DEFAULT '1' COMMENT '是否启用',
  `last_used_at` datetime DEFAULT NULL COMMENT '最近使用时间',
  `next_available_at` datetime DEFAULT NULL COMMENT '下次可用时间',
  `last_success_at` datetime DEFAULT NULL COMMENT '最近成功时间',
  `last_failure_at` datetime DEFAULT NULL COMMENT '最近失败时间',
  `consecutive_failures` int unsigned NOT NULL DEFAULT '0' COMMENT '连续失败次数',
  `success_count` int unsigned NOT NULL DEFAULT '0' COMMENT '成功次数',
  `failure_count` int unsigned NOT NULL DEFAULT '0' COMMENT '失败次数',
  `risk_level` varchar(32) NOT NULL DEFAULT 'normal' COMMENT '风险等级',
  `last_error_code` varchar(64) DEFAULT NULL COMMENT '最近错误编码',
  `last_error_message` varchar(255) DEFAULT NULL COMMENT '最近错误说明',
  `remark` varchar(255) DEFAULT NULL COMMENT '备注',
  `deleted_at` datetime DEFAULT NULL COMMENT '软删除时间',
  `created_at` datetime NOT NULL DEFAULT CURRENT_TIMESTAMP COMMENT '创建时间',
  `updated_at` datetime NOT NULL DEFAULT CURRENT_TIMESTAMP ON UPDATE CURRENT_TIMESTAMP COMMENT '更新时间',
  PRIMARY KEY (`id`),
  UNIQUE KEY `uk_xhs_query_accounts_account_no` (`account_no`),
  KEY `idx_xhs_query_accounts_status_enabled` (`status`,`enabled`),
  KEY `idx_xhs_query_accounts_next_available_at` (`next_available_at`),
  KEY `idx_xhs_query_accounts_last_used_at` (`last_used_at`),
  KEY `idx_xhs_query_accounts_deleted_at` (`deleted_at`)
) ENGINE=InnoDB AUTO_INCREMENT=1699 DEFAULT CHARSET=utf8mb4 COLLATE=utf8mb4_0900_ai_ci COMMENT='小红书查询账号池表';
SET FOREIGN_KEY_CHECKS=1;