订单ID,订单号,用户ID,note_id,笔记链接,类型,下单量,完成量,缺口量,原状态,现状态,清理批次,清理时间
5446,ORDER-1779781696361-040,3,6a150dd100000000080256d2,https://www.xiaohongshu.com/explore/6a150dd100000000080256d2,阅读,40000,7260,32740,running,cancelled,CLEANUP-STALE-20260605083541,2026/6/5 16:35:42
5300,ORDER-1779778223430-492,3,6a1450000000000035033f30,https://www.xiaohongshu.com/explore/6a1450000000000035033f30,阅读,40000,8518,31482,running,cancelled,CLEANUP-STALE-20260605083541,2026/6/5 16:35:42
6334,ORDER-1779807321323-561,3,6a1576bf000000000702eb8b,https://www.xiaohongshu.com/explore/6a1576bf000000000702eb8b,阅读,30000,4296,25704,running,cancelled,CLEANUP-STALE-20260605083541,2026/6/5 16:35:42
5393,ORDER-1779779396770-017,3,6a13add80000000008001092,https://www.xiaohongshu.com/explore/6a13add80000000008001092,阅读,30000,7832,22168,running,cancelled,CLEANUP-STALE-20260605083541,2026/6/5 16:35:42
6262,ORDER-1779807321317-489,3,6a1572ce000000000702d670,https://www.xiaohongshu.com/explore/6a1572ce000000000702d670,阅读,21000,4428,16572,running,cancelled,CLEANUP-STALE-20260605083541,2026/6/5 16:35:42
6261,ORDER-1779807321317-488,3,6a1568500000000006033f9a,https://www.xiaohongshu.com/explore/6a1568500000000006033f9a,阅读,20000,4280,15720,running,cancelled,CLEANUP-STALE-20260605083541,2026/6/5 16:35:42
4119,ORDER-1779721472890-359,3,6a0c12f0000000003601a5b5,https://www.xiaohongshu.com/explore/6a0c12f0000000003601a5b5,阅读,80000,66455,13545,running,cancelled,CLEANUP-STALE-20260605083541,2026/6/5 16:35:42
3798,ORDER-1779721472842-038,3,6a13e42200000000360318a2,https://www.xiaohongshu.com/explore/6a13e42200000000360318a2,阅读,80000,66910,13090,running,cancelled,CLEANUP-STALE-20260605083541,2026/6/5 16:35:42
5316,ORDER-1779778223432-508,3,6a0bd5610000000008030310,https://www.xiaohongshu.com/explore/6a0bd5610000000008030310,阅读,20000,8258,11742,running,cancelled,CLEANUP-STALE-20260605083541,2026/6/5 16:35:42
5315,ORDER-1779778223432-507,3,6a0c2068000000003701eabe,https://www.xiaohongshu.com/explore/6a0c2068000000003701eabe,阅读,20000,8409,11591,running,cancelled,CLEANUP-STALE-20260605083541,2026/6/5 16:35:42
6352,ORDER-1779807321325-579,3,6a07eb040000000035023c05,https://www.xiaohongshu.com/explore/6a07eb040000000035023c05,阅读,13000,4220,8780,running,cancelled,CLEANUP-STALE-20260605083541,2026/6/5 16:35:42
6195,ORDER-1779807321307-422,3,6a1140be0000000035039575,https://www.xiaohongshu.com/explore/6a1140be0000000035039575,阅读,13000,4302,8698,running,cancelled,CLEANUP-STALE-20260605083541,2026/6/5 16:35:42
6356,ORDER-1779807321325-583,3,69fedbad000000001f001778,https://www.xiaohongshu.com/explore/69fedbad000000001f001778,阅读,13000,4310,8690,running,cancelled,CLEANUP-STALE-20260605083541,2026/6/5 16:35:42
6345,ORDER-1779807321324-572,3,6a029b39000000003501e46f,https://www.xiaohongshu.com/explore/6a029b39000000003501e46f,阅读,13000,4312,8688,running,cancelled,CLEANUP-STALE-20260605083541,2026/6/5 16:35:42
6355,ORDER-1779807321325-582,3,69fb2012000000003601c4a6,https://www.xiaohongshu.com/explore/69fb2012000000003601c4a6,阅读,13000,4334,8666,running,cancelled,CLEANUP-STALE-20260605083541,2026/6/5 16:35:42
4723,ORDER-1779768323691-052,3,6a13ffe10000000006036495,https://www.xiaohongshu.com/explore/6a13ffe10000000006036495,阅读,25000,16339,8661,running,cancelled,CLEANUP-STALE-20260605083541,2026/6/5 16:35:42
6348,ORDER-1779807321324-575,3,6a02dfed00000000080019d2,https://www.xiaohongshu.com/explore/6a02dfed00000000080019d2,阅读,13000,4347,8653,running,cancelled,CLEANUP-STALE-20260605083541,2026/6/5 16:35:42
6354,ORDER-1779807321325-581,3,69fb06440000000022027a1e,https://www.xiaohongshu.com/explore/69fb06440000000022027a1e,阅读,13000,4349,8651,running,cancelled,CLEANUP-STALE-20260605083541,2026/6/5 16:35:42
6347,ORDER-1779807321324-574,3,6a03ffeb0000000007026bcf,https://www.xiaohongshu.com/explore/6a03ffeb0000000007026bcf,阅读,13000,4352,8648,running,cancelled,CLEANUP-STALE-20260605083541,2026/6/5 16:35:42
6353,ORDER-1779807321325-580,3,69fafc2f000000001f007b5d,https://www.xiaohongshu.com/explore/69fafc2f000000001f007b5d,阅读,13000,4397,8603,running,cancelled,CLEANUP-STALE-20260605083541,2026/6/5 16:35:42
6351,ORDER-1779807321325-578,3,69faff6f000000003701c9e3,https://www.xiaohongshu.com/explore/69faff6f000000003701c9e3,阅读,13000,4491,8509,running,cancelled,CLEANUP-STALE-20260605083541,2026/6/5 16:35:42
5535,ORDER-1779781696400-129,3,6a0d6b4600000000360328a5,https://www.xiaohongshu.com/explore/6a0d6b4600000000360328a5,阅读,15000,6715,8285,running,cancelled,CLEANUP-STALE-20260605083541,2026/6/5 16:35:42
5538,ORDER-1779784568835-003,3,6a15493a000000003601f78a,https://www.xiaohongshu.com/explore/6a15493a000000003601f78a,阅读,14000,5990,8010,running,cancelled,CLEANUP-STALE-20260605083541,2026/6/5 16:35:42
6322,ORDER-1779807321322-549,3,6a1577110000000035023426,https://www.xiaohongshu.com/explore/6a1577110000000035023426,阅读,12000,4177,7823,running,cancelled,CLEANUP-STALE-20260605083541,2026/6/5 16:35:42
6297,ORDER-1779807321320-524,3,6a153940000000003700d661,https://www.xiaohongshu.com/explore/6a153940000000003700d661,阅读,12000,4205,7795,running,cancelled,CLEANUP-STALE-20260605083541,2026/6/5 16:35:42
6374,ORDER-1779807321330-601,3,6a1558e7000000003502b4c2,https://www.xiaohongshu.com/explore/6a1558e7000000003502b4c2,阅读,12000,4325,7675,running,cancelled,CLEANUP-STALE-20260605083541,2026/6/5 16:35:42
6375,ORDER-1779807321330-602,3,6a1584060000000035023d03,https://www.xiaohongshu.com/explore/6a1584060000000035023d03,阅读,12000,4351,7649,running,cancelled,CLEANUP-STALE-20260605083541,2026/6/5 16:35:42
4722,ORDER-1779768323691-051,3,6a103350000000000603207a,https://www.xiaohongshu.com/explore/6a103350000000000603207a,阅读,23000,16347,6653,running,cancelled,CLEANUP-STALE-20260605083541,2026/6/5 16:35:42
6193,ORDER-1779807321306-420,3,6a12b09b00000000080007fa,https://www.xiaohongshu.com/explore/6a12b09b00000000080007fa,阅读,11000,4388,6612,running,cancelled,CLEANUP-STALE-20260605083541,2026/6/5 16:35:42
5760,ORDER-1779788398867-006,3,6a1417de000000003501cbb9,https://www.xiaohongshu.com/explore/6a1417de000000003501cbb9,阅读,12000,5728,6272,running,cancelled,CLEANUP-STALE-20260605083541,2026/6/5 16:35:42
5762,ORDER-1779788398867-008,3,6a0ff107000000000803e582,https://www.xiaohongshu.com/explore/6a0ff107000000000803e582,阅读,12000,5808,6192,running,cancelled,CLEANUP-STALE-20260605083541,2026/6/5 16:35:42
5761,ORDER-1779788398867-007,3,6a14f3db00000000070252ed,https://www.xiaohongshu.com/explore/6a14f3db00000000070252ed,阅读,12000,5818,6182,running,cancelled,CLEANUP-STALE-20260605083541,2026/6/5 16:35:42
5758,ORDER-1779788398867-004,3,6a1406880000000038020325,https://www.xiaohongshu.com/explore/6a1406880000000038020325,阅读,12000,5947,6053,running,cancelled,CLEANUP-STALE-20260605083541,2026/6/5 16:35:42
5763,ORDER-1779788398867-009,3,6a14f9d1000000000803ed88,https://www.xiaohongshu.com/explore/6a14f9d1000000000803ed88,阅读,12000,5954,6046,running,cancelled,CLEANUP-STALE-20260605083541,2026/6/5 16:35:42
5764,ORDER-1779788398868-010,3,6a1502910000000007023dea,https://www.xiaohongshu.com/explore/6a1502910000000007023dea,阅读,12000,5965,6035,running,cancelled,CLEANUP-STALE-20260605083541,2026/6/5 16:35:42
5766,ORDER-1779788398868-012,3,6a1546a200000000350210dc,https://www.xiaohongshu.com/explore/6a1546a200000000350210dc,阅读,12000,5981,6019,running,cancelled,CLEANUP-STALE-20260605083541,2026/6/5 16:35:42
5765,ORDER-1779788398868-011,3,6a153e38000000003700f0f1,https://www.xiaohongshu.com/explore/6a153e38000000003700f0f1,阅读,12000,6074,5926,running,cancelled,CLEANUP-STALE-20260605083541,2026/6/5 16:35:42
5230,ORDER-1779778223423-422,3,6a0ea4be000000003501f070,https://www.xiaohongshu.com/explore/6a0ea4be000000003501f070,阅读,14000,8160,5840,running,cancelled,CLEANUP-STALE-20260605083541,2026/6/5 16:35:42
5817,ORDER-1779807321221-044,3,6a154795000000003601ee69,https://www.xiaohongshu.com/explore/6a154795000000003601ee69,阅读,10000,4169,5831,running,cancelled,CLEANUP-STALE-20260605083541,2026/6/5 16:35:42
5964,ORDER-1779807321265-191,3,6a157318000000003700ecad,https://www.xiaohongshu.com/explore/6a157318000000003700ecad,阅读,10000,4204,5796,running,cancelled,CLEANUP-STALE-20260605083541,2026/6/5 16:35:42
6379,ORDER-1779807321333-606,3,69da3be200000000220244a5,https://www.xiaohongshu.com/explore/69da3be200000000220244a5,阅读,10000,4205,5795,running,cancelled,CLEANUP-STALE-20260605083541,2026/6/5 16:35:42
5894,ORDER-1779807321252-121,3,6a153d3d00000000070253cc,https://www.xiaohongshu.com/explore/6a153d3d00000000070253cc,阅读,10000,4283,5717,running,cancelled,CLEANUP-STALE-20260605083541,2026/6/5 16:35:42
5759,ORDER-1779788398867-005,3,6a1400fc0000000008033cae,https://www.xiaohongshu.com/explore/6a1400fc0000000008033cae,阅读,12000,6321,5679,running,cancelled,CLEANUP-STALE-20260605083541,2026/6/5 16:35:42
6273,ORDER-1779807321318-500,3,6a1426e7000000000803d3f0,https://www.xiaohongshu.com/explore/6a1426e7000000000803d3f0,阅读,10000,4322,5678,running,cancelled,CLEANUP-STALE-20260605083541,2026/6/5 16:35:42
6378,ORDER-1779807321333-605,3,69d776590000000022029986,https://www.xiaohongshu.com/explore/69d776590000000022029986,阅读,10000,4326,5674,running,cancelled,CLEANUP-STALE-20260605083541,2026/6/5 16:35:42
6336,ORDER-1779807321323-563,3,6a141e69000000003700c0f9,https://www.xiaohongshu.com/explore/6a141e69000000003700c0f9,阅读,10000,4329,5671,running,cancelled,CLEANUP-STALE-20260605083541,2026/6/5 16:35:42
6064,ORDER-1779807321289-291,3,6a156241000000000602376f,https://www.xiaohongshu.com/explore/6a156241000000000602376f,阅读,10000,4333,5667,running,cancelled,CLEANUP-STALE-20260605083541,2026/6/5 16:35:42
6380,ORDER-1779807321334-607,3,699c562e000000001a0300a3,https://www.xiaohongshu.com/explore/699c562e000000001a0300a3,阅读,10000,4383,5617,running,cancelled,CLEANUP-STALE-20260605083541,2026/6/5 16:35:42
6274,ORDER-1779807321318-501,3,6a15062c0000000007020ee8,https://www.xiaohongshu.com/explore/6a15062c0000000007020ee8,阅读,10000,4402,5598,running,cancelled,CLEANUP-STALE-20260605083541,2026/6/5 16:35:42
5217,ORDER-1779778223422-409,3,6a0ffd0a000000000702b61d,https://www.xiaohongshu.com/explore/6a0ffd0a000000000702b61d,阅读,14000,8415,5585,running,cancelled,CLEANUP-STALE-20260605083541,2026/6/5 16:35:42
5818,ORDER-1779807321221-045,3,6a0581ab000000003502b923,https://www.xiaohongshu.com/explore/6a0581ab000000003502b923,阅读,10000,4415,5585,running,cancelled,CLEANUP-STALE-20260605083541,2026/6/5 16:35:42
5959,ORDER-1779807321263-186,3,69fbef4c000000003701e2bd,https://www.xiaohongshu.com/explore/69fbef4c000000003701e2bd,阅读,10000,4425,5575,running,cancelled,CLEANUP-STALE-20260605083541,2026/6/5 16:35:42
6342,ORDER-1779807321324-569,3,6a158246000000003601b33a,https://www.xiaohongshu.com/explore/6a158246000000003601b33a,阅读,10000,4445,5555,running,cancelled,CLEANUP-STALE-20260605083541,2026/6/5 16:35:42
5210,ORDER-1779778223422-402,3,6a0c202c000000000702d754,https://www.xiaohongshu.com/explore/6a0c202c000000000702d754,阅读,14000,8446,5554,running,cancelled,CLEANUP-STALE-20260605083541,2026/6/5 16:35:42
5216,ORDER-1779778223422-408,3,6a0a898600000000070245ad,https://www.xiaohongshu.com/explore/6a0a898600000000070245ad,阅读,14000,8450,5550,running,cancelled,CLEANUP-STALE-20260605083541,2026/6/5 16:35:42
5223,ORDER-1779778223423-415,3,6a06ef70000000000802621f,https://www.xiaohongshu.com/explore/6a06ef70000000000802621f,阅读,14000,8687,5313,running,cancelled,CLEANUP-STALE-20260605083541,2026/6/5 16:35:42
5440,ORDER-1779781696355-034,3,6a141eb4000000000702624e,https://www.xiaohongshu.com/explore/6a141eb4000000000702624e,阅读,12000,6819,5181,running,cancelled,CLEANUP-STALE-20260605083541,2026/6/5 16:35:42
5221,ORDER-1779778223423-413,3,6a0befd900000000060221ec,https://www.xiaohongshu.com/explore/6a0befd900000000060221ec,阅读,13000,7994,5006,running,cancelled,CLEANUP-STALE-20260605083541,2026/6/5 16:35:42
5209,ORDER-1779778223422-401,3,6a0abebd0000000008024878,https://www.xiaohongshu.com/explore/6a0abebd0000000008024878,阅读,13000,8034,4966,running,cancelled,CLEANUP-STALE-20260605083541,2026/6/5 16:35:42
5215,ORDER-1779778223422-407,3,6a0d88d50000000007022796,https://www.xiaohongshu.com/explore/6a0d88d50000000007022796,阅读,13000,8234,4766,running,cancelled,CLEANUP-STALE-20260605083541,2026/6/5 16:35:42
5229,ORDER-1779778223423-421,3,6a101e9c0000000035024711,https://www.xiaohongshu.com/explore/6a101e9c0000000035024711,阅读,13000,8267,4733,running,cancelled,CLEANUP-STALE-20260605083541,2026/6/5 16:35:42
5219,ORDER-1779778223422-411,3,6a0d228a0000000006032721,https://www.xiaohongshu.com/explore/6a0d228a0000000006032721,阅读,13000,8279,4721,running,cancelled,CLEANUP-STALE-20260605083541,2026/6/5 16:35:42
5228,ORDER-1779778223423-420,3,6a0ec6f60000000035027644,https://www.xiaohongshu.com/explore/6a0ec6f60000000035027644,阅读,13000,8323,4677,running,cancelled,CLEANUP-STALE-20260605083541,2026/6/5 16:35:42
5220,ORDER-1779778223423-412,3,6a113dc80000000008027191,https://www.xiaohongshu.com/explore/6a113dc80000000008027191,阅读,13000,8353,4647,running,cancelled,CLEANUP-STALE-20260605083541,2026/6/5 16:35:42
5214,ORDER-1779778223422-406,3,6a0ac23e0000000007012e94,https://www.xiaohongshu.com/explore/6a0ac23e0000000007012e94,阅读,13000,8442,4558,running,cancelled,CLEANUP-STALE-20260605083541,2026/6/5 16:35:42
5213,ORDER-1779778223422-405,3,6a0bdd8b000000000701100f,https://www.xiaohongshu.com/explore/6a0bdd8b000000000701100f,阅读,13000,8523,4477,running,cancelled,CLEANUP-STALE-20260605083541,2026/6/5 16:35:42
6194,ORDER-1779807321307-421,3,6a0d4df00000000035020eec,https://www.xiaohongshu.com/explore/6a0d4df00000000035020eec,阅读,9000,4569,4431,running,cancelled,CLEANUP-STALE-20260605083541,2026/6/5 16:35:42
4720,ORDER-1779768323691-049,3,6a0f1b8800000000060376cf,https://www.xiaohongshu.com/explore/6a0f1b8800000000060376cf,阅读,21000,16919,4081,running,cancelled,CLEANUP-STALE-20260605083541,2026/6/5 16:35:42
5740,ORDER-1779787941005-051,3,69fc62e9000000003600280b,https://www.xiaohongshu.com/explore/69fc62e9000000003600280b,阅读,10000,6075,3925,running,cancelled,CLEANUP-STALE-20260605083541,2026/6/5 16:35:42
6198,ORDER-1779807321309-425,3,6a143b84000000003501df76,https://www.xiaohongshu.com/explore/6a143b84000000003501df76,阅读,8000,4182,3818,running,cancelled,CLEANUP-STALE-20260605083541,2026/6/5 16:35:42
5737,ORDER-1779787941004-048,3,69f32269000000001b021493,https://www.xiaohongshu.com/explore/69f32269000000001b021493,阅读,10000,6198,3802,running,cancelled,CLEANUP-STALE-20260605083541,2026/6/5 16:35:42
6192,ORDER-1779807321306-419,3,6a119d2e000000003502418a,https://www.xiaohongshu.com/explore/6a119d2e000000003502418a,阅读,8000,4203,3797,running,cancelled,CLEANUP-STALE-20260605083541,2026/6/5 16:35:42
5668,ORDER-1779784568893-133,3,6a1437a0000000000702bbcf,https://www.xiaohongshu.com/explore/6a1437a0000000000702bbcf,阅读,10000,6234,3766,running,cancelled,CLEANUP-STALE-20260605083541,2026/6/5 16:35:42
6280,ORDER-1779807321319-507,3,6a1515a30000000036001929,https://www.xiaohongshu.com/explore/6a1515a30000000036001929,阅读,8000,4235,3765,running,cancelled,CLEANUP-STALE-20260605083541,2026/6/5 16:35:42
5226,ORDER-1779778223423-418,3,6a07efe9000000000702e7de,https://www.xiaohongshu.com/explore/6a07efe9000000000702e7de,阅读,12000,8326,3674,running,cancelled,CLEANUP-STALE-20260605083541,2026/6/5 16:35:42
5212,ORDER-1779778223422-404,3,6a06da9c0000000008026580,https://www.xiaohongshu.com/explore/6a06da9c0000000008026580,阅读,12000,8404,3596,running,cancelled,CLEANUP-STALE-20260605083541,2026/6/5 16:35:42
5224,ORDER-1779778223423-416,3,6a0464590000000008003ccd,https://www.xiaohongshu.com/explore/6a0464590000000008003ccd,阅读,12000,8469,3531,running,cancelled,CLEANUP-STALE-20260605083541,2026/6/5 16:35:42
5665,ORDER-1779784568892-130,3,6a115fa70000000008031409,https://www.xiaohongshu.com/explore/6a115fa70000000008031409,阅读,10000,6491,3509,running,cancelled,CLEANUP-STALE-20260605083541,2026/6/5 16:35:42
5669,ORDER-1779784568893-134,3,6a13cfe100000000080270bd,https://www.xiaohongshu.com/explore/6a13cfe100000000080270bd,阅读,10000,6531,3469,running,cancelled,CLEANUP-STALE-20260605083541,2026/6/5 16:35:42
5218,ORDER-1779778223422-410,3,6a0d470f0000000007013074,https://www.xiaohongshu.com/explore/6a0d470f0000000007013074,阅读,12000,8579,3421,running,cancelled,CLEANUP-STALE-20260605083541,2026/6/5 16:35:42
5211,ORDER-1779778223422-403,3,6a06d8fc0000000006023be7,https://www.xiaohongshu.com/explore/6a06d8fc0000000006023be7,阅读,12000,8813,3187,running,cancelled,CLEANUP-STALE-20260605083541,2026/6/5 16:35:42
5227,ORDER-1779778223423-419,3,6a06ff3b000000003502a8da,https://www.xiaohongshu.com/explore/6a06ff3b000000003502a8da,阅读,11000,8172,2828,running,cancelled,CLEANUP-STALE-20260605083541,2026/6/5 16:35:42
4716,ORDER-1779768323690-045,3,6a0e59d9000000000602132d,https://www.xiaohongshu.com/explore/6a0e59d9000000000602132d,阅读,20000,17219,2781,running,cancelled,CLEANUP-STALE-20260605083541,2026/6/5 16:35:42
5833,ORDER-1779807321229-060,3,6a1559d5000000003502ba20,https://www.xiaohongshu.com/explore/6a1559d5000000003502ba20,阅读,7000,4505,2495,running,cancelled,CLEANUP-STALE-20260605083541,2026/6/5 16:35:42
6485,ORDER-1779940538079-001,3,6a17af1d000000003502cef1,https://www.xiaohongshu.com/explore/6a17af1d000000003502cef1,阅读,2000,0,2000,running,cancelled,CLEANUP-STALE-20260605083541,2026/6/5 16:35:42
6486,ORDER-1779940538080-002,3,6a17b35600000000350334eb,https://www.xiaohongshu.com/explore/6a17b35600000000350334eb,阅读,2000,0,2000,running,cancelled,CLEANUP-STALE-20260605083541,2026/6/5 16:35:42
5222,ORDER-1779778223423-414,3,6a06f03b0000000008026704,https://www.xiaohongshu.com/explore/6a06f03b0000000008026704,阅读,10000,8173,1827,running,cancelled,CLEANUP-STALE-20260605083541,2026/6/5 16:35:42
5334,ORDER-1779778223434-526,3,6a03f46d000000003501c44d,https://www.xiaohongshu.com/explore/6a03f46d000000003501c44d,阅读,10000,8217,1783,running,cancelled,CLEANUP-STALE-20260605083541,2026/6/5 16:35:42
5264,ORDER-1779778223427-456,3,6a0d5f6900000000350308c9,https://www.xiaohongshu.com/explore/6a0d5f6900000000350308c9,阅读,10000,8237,1763,running,cancelled,CLEANUP-STALE-20260605083541,2026/6/5 16:35:42
5272,ORDER-1779778223427-464,3,6a103a2a00000000360195dc,https://www.xiaohongshu.com/explore/6a103a2a00000000360195dc,阅读,10000,8242,1758,running,cancelled,CLEANUP-STALE-20260605083541,2026/6/5 16:35:42
5189,ORDER-1779778223420-381,3,6a0ff3e000000000350333b2,https://www.xiaohongshu.com/explore/6a0ff3e000000000350333b2,阅读,10000,8374,1626,running,cancelled,CLEANUP-STALE-20260605083541,2026/6/5 16:35:42
5204,ORDER-1779778223421-396,3,6a0ae984000000003601abda,https://www.xiaohongshu.com/explore/6a0ae984000000003601abda,阅读,10000,8507,1493,running,cancelled,CLEANUP-STALE-20260605083541,2026/6/5 16:35:42
5141,ORDER-1779778223410-333,3,6a13d5be000000000602131f,https://www.xiaohongshu.com/explore/6a13d5be000000000602131f,阅读,10000,8548,1452,running,cancelled,CLEANUP-STALE-20260605083541,2026/6/5 16:35:42
5256,ORDER-1779778223426-448,3,6a043182000000000702f60a,https://www.xiaohongshu.com/explore/6a043182000000000702f60a,阅读,10000,8674,1326,running,cancelled,CLEANUP-STALE-20260605083541,2026/6/5 16:35:42
4711,ORDER-1779768323689-040,3,6a0d8559000000000603295b,https://www.xiaohongshu.com/explore/6a0d8559000000000603295b,阅读,18000,16879,1121,running,cancelled,CLEANUP-STALE-20260605083541,2026/6/5 16:35:42
5273,ORDER-1779778223427-465,3,6a0c2320000000003701fbd1,https://www.xiaohongshu.com/explore/6a0c2320000000003701fbd1,阅读,9000,8005,995,running,cancelled,CLEANUP-STALE-20260605083541,2026/6/5 16:35:42
6326,ORDER-1779807321323-553,3,6a1292d30000000008026d2e,https://www.xiaohongshu.com/explore/6a1292d30000000008026d2e,阅读,5000,4096,904,running,cancelled,CLEANUP-STALE-20260605083541,2026/6/5 16:35:42
5255,ORDER-1779778223426-447,3,6a0708cf0000000006034b6d,https://www.xiaohongshu.com/explore/6a0708cf0000000006034b6d,阅读,9000,8114,886,running,cancelled,CLEANUP-STALE-20260605083541,2026/6/5 16:35:42
6188,ORDER-1779807321304-415,3,6a0d49c1000000003803613e,https://www.xiaohongshu.com/explore/6a0d49c1000000003803613e,阅读,5000,4166,834,running,cancelled,CLEANUP-STALE-20260605083541,2026/6/5 16:35:42
5207,ORDER-1779778223421-399,3,6a1040d30000000036030361,https://www.xiaohongshu.com/explore/6a1040d30000000036030361,阅读,9000,8170,830,running,cancelled,CLEANUP-STALE-20260605083541,2026/6/5 16:35:42
5225,ORDER-1779778223423-417,3,6a0564d20000000035025ba6,https://www.xiaohongshu.com/explore/6a0564d20000000035025ba6,阅读,9000,8249,751,running,cancelled,CLEANUP-STALE-20260605083541,2026/6/5 16:35:42
5900,ORDER-1779807321254-127,3,6a07de350000000035033ffe,https://www.xiaohongshu.com/explore/6a07de350000000035033ffe,阅读,5000,4268,732,running,cancelled,CLEANUP-STALE-20260605083541,2026/6/5 16:35:42
6382,ORDER-1779807321334-609,3,6a0d402b000000003601ce17,https://www.xiaohongshu.com/explore/6a0d402b000000003601ce17,阅读,5000,4307,693,running,cancelled,CLEANUP-STALE-20260605083541,2026/6/5 16:35:42
6337,ORDER-1779807321323-564,3,6a083c460000000038022985,https://www.xiaohongshu.com/explore/6a083c460000000038022985,阅读,5000,4313,687,running,cancelled,CLEANUP-STALE-20260605083541,2026/6/5 16:35:42
5206,ORDER-1779778223421-398,3,6a0fe6e0000000003502ebc7,https://www.xiaohongshu.com/explore/6a0fe6e0000000003502ebc7,阅读,9000,8318,682,running,cancelled,CLEANUP-STALE-20260605083541,2026/6/5 16:35:42
5670,ORDER-1779784568894-135,3,6a153d590000000036019888,https://www.xiaohongshu.com/explore/6a153d590000000036019888,阅读,7000,6332,668,running,cancelled,CLEANUP-STALE-20260605083541,2026/6/5 16:35:42
6281,ORDER-1779807321319-508,3,6a1547df00000000350217e0,https://www.xiaohongshu.com/explore/6a1547df00000000350217e0,阅读,5000,4350,650,running,cancelled,CLEANUP-STALE-20260605083541,2026/6/5 16:35:42
5275,ORDER-1779778223427-467,3,6a0e7b090000000035025dc7,https://www.xiaohongshu.com/explore/6a0e7b090000000035025dc7,阅读,9000,8384,616,running,cancelled,CLEANUP-STALE-20260605083541,2026/6/5 16:35:42
6381,ORDER-1779807321334-608,3,6a0ecf6d000000003700c007,https://www.xiaohongshu.com/explore/6a0ecf6d000000003700c007,阅读,5000,4424,576,running,cancelled,CLEANUP-STALE-20260605083541,2026/6/5 16:35:42
5262,ORDER-1779778223426-454,3,6a0ef0e7000000003701eda4,https://www.xiaohongshu.com/explore/6a0ef0e7000000003701eda4,阅读,9000,8504,496,running,cancelled,CLEANUP-STALE-20260605083541,2026/6/5 16:35:42
5203,ORDER-1779778223421-395,3,6a06fb25000000003601dd3b,https://www.xiaohongshu.com/explore/6a06fb25000000003601dd3b,阅读,9000,8528,472,running,cancelled,CLEANUP-STALE-20260605083541,2026/6/5 16:35:42
5260,ORDER-1779778223426-452,3,6a10083b0000000007021124,https://www.xiaohongshu.com/explore/6a10083b0000000007021124,阅读,9000,8544,456,running,cancelled,CLEANUP-STALE-20260605083541,2026/6/5 16:35:42
5755,ORDER-1779788398866-001,3,6a15432a0000000007011326,https://www.xiaohongshu.com/explore/6a15432a0000000007011326,阅读,6200,5771,429,running,cancelled,CLEANUP-STALE-20260605083541,2026/6/5 16:35:42
5249,ORDER-1779778223425-441,3,6a1033c600000000350250f7,https://www.xiaohongshu.com/explore/6a1033c600000000350250f7,阅读,8000,7721,279,running,cancelled,CLEANUP-STALE-20260605083541,2026/6/5 16:35:42
5187,ORDER-1779778223420-379,3,6a0d89990000000035023e0c,https://www.xiaohongshu.com/explore/6a0d89990000000035023e0c,阅读,9000,8835,165,running,cancelled,CLEANUP-STALE-20260605083541,2026/6/5 16:35:42
5386,ORDER-1779779396766-010,3,6a0ead6d0000000035022e03,https://www.xiaohongshu.com/explore/6a0ead6d0000000035022e03,阅读,8000,7835,165,running,cancelled,CLEANUP-STALE-20260605083541,2026/6/5 16:35:42
5253,ORDER-1779778223426-445,3,6a102d41000000003501f13b,https://www.xiaohongshu.com/explore/6a102d41000000003501f13b,阅读,8000,7850,150,running,cancelled,CLEANUP-STALE-20260605083541,2026/6/5 16:35:42
